kode_wilayah,nama_wilayah,tahun,tpt,laju_pertumbuhan,jumlah_usia_produktif,total_penduduk_kelompok_umur,persentase_usia_produktif,kategori_kuadran
3501,Pacitan,2018,1.39,0.31,375333,554415,67.69892589486216,"Kuadran 3: Kondisi Stabil (Produktif Rendah, TPT Rendah)"
3501,Pacitan,2019,0.91,0.29,374894,555510,67.48645388921891,"Kuadran 3: Kondisi Stabil (Produktif Rendah, TPT Rendah)"
3501,Pacitan,2020,2.28,0.78,374191,556419,67.24986026717275,"Kuadran 3: Kondisi Stabil (Produktif Rendah, TPT Rendah)"
3501,Pacitan,2021,2.04,0.68,373227,557164,66.98691947074829,"Kuadran 3: Kondisi Stabil (Produktif Rendah, TPT Rendah)"
3501,Pacitan,2022,3.65,0.66,372023,557765,66.69887855996701,"Kuadran 3: Kondisi Stabil (Produktif Rendah, TPT Rendah)"
3501,Pacitan,2023,1.83,0.12,370531,558220,66.37723478198559,"Kuadran 3: Kondisi Stabil (Produktif Rendah, TPT Rendah)"
3501,Pacitan,2024,1.56,0.11,368774,558526,66.02629062926346,"Kuadran 3: Kondisi Stabil (Produktif Rendah, TPT Rendah)"
3501,Pacitan,2025,1.4,0.1,366640,558676,65.62658857727914,"Kuadran 3: Kondisi Stabil (Produktif Rendah, TPT Rendah)"
3502,Ponorogo,2018,3.77,0.22,601201,872793,68.88242687555926,"Kuadran 3: Kondisi Stabil (Produktif Rendah, TPT Rendah)"
3502,Ponorogo,2019,3.5,0.21,600767,874518,68.69692790771602,"Kuadran 3: Kondisi Stabil (Produktif Rendah, TPT Rendah)"
3502,Ponorogo,2020,4.45,1.01,599867,875950,68.48187681945316,"Kuadran 3: Kondisi Stabil (Produktif Rendah, TPT Rendah)"
3502,Ponorogo,2021,4.38,0.92,598515,877121,68.23630947155523,"Kuadran 3: Kondisi Stabil (Produktif Rendah, TPT Rendah)"
3502,Ponorogo,2022,5.51,0.9,596792,878068,67.96649006682853,"Kuadran 4: Beban Ketenagakerjaan (Produktif Rendah, TPT Tinggi)"
3502,Ponorogo,2023,4.66,0.39,594627,878785,67.66467338427488,"Kuadran 4: Beban Ketenagakerjaan (Produktif Rendah, TPT Tinggi)"
3502,Ponorogo,2024,4.19,0.38,592059,879266,67.33559582651894,"Kuadran 3: Kondisi Stabil (Produktif Rendah, TPT Rendah)"
3502,Ponorogo,2025,3.85,0.37,588916,879503,66.9600899598978,"Kuadran 3: Kondisi Stabil (Produktif Rendah, TPT Rendah)"
3503,Trenggalek,2018,4.12,0.37,480860,694780,69.21039753591064,"Kuadran 3: Kondisi Stabil (Produktif Rendah, TPT Rendah)"
3503,Trenggalek,2019,3.36,0.35,480848,696585,69.02933597479131,"Kuadran 3: Kondisi Stabil (Produktif Rendah, TPT Rendah)"
3503,Trenggalek,2020,4.11,0.78,480500,698158,68.82396248413683,"Kuadran 3: Kondisi Stabil (Produktif Rendah, TPT Rendah)"
3503,Trenggalek,2021,3.53,0.69,479825,699526,68.59287574729174,"Kuadran 3: Kondisi Stabil (Produktif Rendah, TPT Rendah)"
3503,Trenggalek,2022,5.37,0.67,478852,700716,68.33752904172303,"Kuadran 4: Beban Ketenagakerjaan (Produktif Rendah, TPT Tinggi)"
3503,Trenggalek,2023,4.52,0.5,477518,701723,68.04935850755925,"Kuadran 3: Kondisi Stabil (Produktif Rendah, TPT Rendah)"
3503,Trenggalek,2024,3.9,0.49,475861,702544,67.7339782276982,"Kuadran 3: Kondisi Stabil (Produktif Rendah, TPT Rendah)"
3503,Trenggalek,2025,3.86,0.47,473741,703168,67.37237758259762,"Kuadran 3: Kondisi Stabil (Produktif Rendah, TPT Rendah)"
3504,Tulungagung,2018,2.53,0.55,714191,1034976,69.0055614816189,"Kuadran 3: Kondisi Stabil (Produktif Rendah, TPT Rendah)"
3504,Tulungagung,2019,3.29,0.53,715853,1039520,68.86380252424196,"Kuadran 3: Kondisi Stabil (Produktif Rendah, TPT Rendah)"
3504,Tulungagung,2020,4.61,0.93,716951,1043729,68.69129822013186,"Kuadran 4: Beban Ketenagakerjaan (Produktif Rendah, TPT Tinggi)"
3504,Tulungagung,2021,4.91,0.83,717528,1047645,68.48961241641969,"Kuadran 4: Beban Ketenagakerjaan (Produktif Rendah, TPT Tinggi)"
3504,Tulungagung,2022,6.65,0.81,717662,1051302,68.26411440290231,"Kuadran 4: Beban Ketenagakerjaan (Produktif Rendah, TPT Tinggi)"
3504,Tulungagung,2023,5.65,0.6,717270,1054696,68.00727413396847,"Kuadran 4: Beban Ketenagakerjaan (Produktif Rendah, TPT Tinggi)"
3504,Tulungagung,2024,4.12,0.58,716409,1057817,67.72523035647943,"Kuadran 3: Kondisi Stabil (Produktif Rendah, TPT Rendah)"
3504,Tulungagung,2025,4.03,0.57,714910,1060650,67.40300758968557,"Kuadran 3: Kondisi Stabil (Produktif Rendah, TPT Rendah)"
3505,Blitar,2018,3.38,0.45,783756,1157300,67.72280307612546,"Kuadran 3: Kondisi Stabil (Produktif Rendah, TPT Rendah)"
3505,Blitar,2019,3.05,0.43,784515,1161167,67.56263310962161,"Kuadran 3: Kondisi Stabil (Produktif Rendah, TPT Rendah)"
3505,Blitar,2020,3.82,0.89,784747,1164649,67.38055843434374,"Kuadran 3: Kondisi Stabil (Produktif Rendah, TPT Rendah)"
3505,Blitar,2021,3.66,0.79,784462,1167796,67.17457501138897,"Kuadran 3: Kondisi Stabil (Produktif Rendah, TPT Rendah)"
3505,Blitar,2022,5.45,0.77,783673,1170647,66.9435790635435,"Kuadran 4: Beban Ketenagakerjaan (Produktif Rendah, TPT Tinggi)"
3505,Blitar,2023,4.91,0.88,782280,1173198,66.67928175806641,"Kuadran 4: Beban Ketenagakerjaan (Produktif Rendah, TPT Tinggi)"
3505,Blitar,2024,4.77,0.86,780316,1175438,66.38512622528793,"Kuadran 4: Beban Ketenagakerjaan (Produktif Rendah, TPT Tinggi)"
3505,Blitar,2025,4.49,0.84,777558,1177355,66.04278233837712,"Kuadran 3: Kondisi Stabil (Produktif Rendah, TPT Rendah)"
3506,Kediri,2018,4.15,0.55,1075493,1567861,68.5961957086757,"Kuadran 3: Kondisi Stabil (Produktif Rendah, TPT Rendah)"
3506,Kediri,2019,3.58,0.54,1078327,1574771,68.47516242044081,"Kuadran 3: Kondisi Stabil (Produktif Rendah, TPT Rendah)"
3506,Kediri,2020,5.24,0.84,1080462,1581175,68.33285373219283,"Kuadran 4: Beban Ketenagakerjaan (Produktif Rendah, TPT Tinggi)"
3506,Kediri,2021,5.15,0.74,1081912,1587132,68.16773904123916,"Kuadran 4: Beban Ketenagakerjaan (Produktif Rendah, TPT Tinggi)"
3506,Kediri,2022,6.83,0.72,1082701,1592699,67.97900921643073,"Kuadran 4: Beban Ketenagakerjaan (Produktif Rendah, TPT Tinggi)"
3506,Kediri,2023,5.79,0.92,1082689,1597867,67.75839290754487,"Kuadran 4: Beban Ketenagakerjaan (Produktif Rendah, TPT Tinggi)"
3506,Kediri,2024,5.1,0.88,1081930,1602621,67.51003512371297,"Kuadran 4: Beban Ketenagakerjaan (Produktif Rendah, TPT Tinggi)"
3506,Kediri,2025,4.71,0.85,1080110,1606941,67.21528668445201,"Kuadran 4: Beban Ketenagakerjaan (Produktif Rendah, TPT Tinggi)"
3507,Malang,2018,3.15,0.72,1808320,2592147,69.76147571877675,"Kuadran 1: Peluang Emas (Produktif Tinggi, TPT Rendah)"
3507,Malang,2019,3.7,0.7,1815726,2607914,69.62369157878673,"Kuadran 1: Peluang Emas (Produktif Tinggi, TPT Rendah)"
3507,Malang,2020,5.49,0.79,1822089,2622886,69.46885987419964,"Kuadran 2: Ancaman Pengangguran (Produktif Tinggi, TPT Tinggi)"
3507,Malang,2021,5.4,0.7,1827451,2637160,69.29617467275402,"Kuadran 4: Beban Ketenagakerjaan (Produktif Rendah, TPT Tinggi)"
3507,Malang,2022,6.57,0.68,1831738,2650825,69.10067620457781,"Kuadran 4: Beban Ketenagakerjaan (Produktif Rendah, TPT Tinggi)"
3507,Malang,2023,5.7,0.83,1834688,2663862,68.87323742746435,"Kuadran 4: Beban Ketenagakerjaan (Produktif Rendah, TPT Tinggi)"
3507,Malang,2024,5.13,0.81,1836417,2676243,68.61921731322605,"Kuadran 4: Beban Ketenagakerjaan (Produktif Rendah, TPT Tinggi)"
3507,Malang,2025,5.0,0.79,1836414,2687933,68.32067614780577,"Kuadran 4: Beban Ketenagakerjaan (Produktif Rendah, TPT Tinggi)"
3508,Lumajang,2018,2.46,0.4,734834,1039424,70.69627024198017,"Kuadran 1: Peluang Emas (Produktif Tinggi, TPT Rendah)"
3508,Lumajang,2019,2.73,0.39,735806,1042442,70.58483829316164,"Kuadran 1: Peluang Emas (Produktif Tinggi, TPT Rendah)"
3508,Lumajang,2020,3.36,1.03,736309,1045115,70.45243824842242,"Kuadran 1: Peluang Emas (Produktif Tinggi, TPT Rendah)"
3508,Lumajang,2021,3.51,0.94,736359,1047482,70.29800989420343,"Kuadran 1: Peluang Emas (Produktif Tinggi, TPT Rendah)"
3508,Lumajang,2022,4.97,0.91,735988,1049583,70.12194366715163,"Kuadran 2: Ancaman Pengangguran (Produktif Tinggi, TPT Tinggi)"
3508,Lumajang,2023,3.67,0.64,735106,1051412,69.91607476422182,"Kuadran 1: Peluang Emas (Produktif Tinggi, TPT Rendah)"
3508,Lumajang,2024,3.28,0.63,733758,1052961,69.68520201602908,"Kuadran 1: Peluang Emas (Produktif Tinggi, TPT Rendah)"
3508,Lumajang,2025,3.08,0.61,731755,1054220,69.41198231868111,"Kuadran 1: Peluang Emas (Produktif Tinggi, TPT Rendah)"
3509,Jember,2018,4.01,0.56,1679264,2440752,68.8010908113565,"Kuadran 3: Kondisi Stabil (Produktif Rendah, TPT Rendah)"
3509,Jember,2019,3.69,0.54,1683948,2451771,68.68292348673674,"Kuadran 3: Kondisi Stabil (Produktif Rendah, TPT Rendah)"
3509,Jember,2020,5.12,0.81,1687474,2462003,68.54069633546345,"Kuadran 4: Beban Ketenagakerjaan (Produktif Rendah, TPT Tinggi)"
3509,Jember,2021,5.44,0.72,1689896,2471542,68.37415670055374,"Kuadran 4: Beban Ketenagakerjaan (Produktif Rendah, TPT Tinggi)"
3509,Jember,2022,4.06,0.7,1691342,2480477,68.18615935564006,"Kuadran 3: Kondisi Stabil (Produktif Rendah, TPT Rendah)"
3509,Jember,2023,4.01,0.71,1691561,2488791,67.96717763765619,"Kuadran 3: Kondisi Stabil (Produktif Rendah, TPT Rendah)"
3509,Jember,2024,3.23,0.7,1690705,2496461,67.7240701937663,"Kuadran 3: Kondisi Stabil (Produktif Rendah, TPT Rendah)"
3509,Jember,2025,3.07,0.68,1688236,2503458,67.43616230030621,"Kuadran 3: Kondisi Stabil (Produktif Rendah, TPT Rendah)"
3510,Banyuwangi,2018,3.59,0.42,1096609,1609244,68.14435846894567,"Kuadran 3: Kondisi Stabil (Produktif Rendah, TPT Rendah)"
3510,Banyuwangi,2019,3.95,0.4,1097584,1614187,67.99608719435852,"Kuadran 3: Kondisi Stabil (Produktif Rendah, TPT Rendah)"
3510,Banyuwangi,2020,5.34,0.91,1097856,1618598,67.82758906164472,"Kuadran 4: Beban Ketenagakerjaan (Produktif Rendah, TPT Tinggi)"
3510,Banyuwangi,2021,5.42,0.81,1097446,1622536,67.63769802334124,"Kuadran 4: Beban Ketenagakerjaan (Produktif Rendah, TPT Tinggi)"
3510,Banyuwangi,2022,5.26,0.79,1096367,1626064,67.42459091401076,"Kuadran 4: Beban Ketenagakerjaan (Produktif Rendah, TPT Tinggi)"
3510,Banyuwangi,2023,4.75,0.76,1094458,1629172,67.17878775230608,"Kuadran 4: Beban Ketenagakerjaan (Produktif Rendah, TPT Tinggi)"
3510,Banyuwangi,2024,4.03,0.72,1091840,1631847,66.9082334311979,"Kuadran 3: Kondisi Stabil (Produktif Rendah, TPT Rendah)"
3510,Banyuwangi,2025,3.94,0.69,1088143,1634071,66.59092536370818,"Kuadran 3: Kondisi Stabil (Produktif Rendah, TPT Rendah)"
3511,Bondowoso,2018,3.84,0.58,535805,772376,69.37100583135674,"Kuadran 3: Kondisi Stabil (Produktif Rendah, TPT Rendah)"
3511,Bondowoso,2019,2.86,0.57,537205,776048,69.22316660825103,"Kuadran 3: Kondisi Stabil (Produktif Rendah, TPT Rendah)"
3511,Bondowoso,2020,4.13,0.51,538251,779471,69.05337081174284,"Kuadran 3: Kondisi Stabil (Produktif Rendah, TPT Rendah)"
3511,Bondowoso,2021,4.46,0.41,538952,782676,68.86016691453423,"Kuadran 3: Kondisi Stabil (Produktif Rendah, TPT Rendah)"
3511,Bondowoso,2022,4.32,0.39,539334,785692,68.6444560973002,"Kuadran 3: Kondisi Stabil (Produktif Rendah, TPT Rendah)"
3511,Bondowoso,2023,4.15,0.56,539325,788512,68.39781766162088,"Kuadran 3: Kondisi Stabil (Produktif Rendah, TPT Rendah)"
3511,Bondowoso,2024,3.63,0.55,538986,791130,68.12862614235334,"Kuadran 3: Kondisi Stabil (Produktif Rendah, TPT Rendah)"
3511,Bondowoso,2025,2.55,0.54,538138,793536,67.81519679006371,"Kuadran 3: Kondisi Stabil (Produktif Rendah, TPT Rendah)"
3512,Situbondo,2018,1.85,0.61,481975,679919,70.88712037757439,"Kuadran 1: Peluang Emas (Produktif Tinggi, TPT Rendah)"
3512,Situbondo,2019,2.77,0.59,483641,683274,70.78287773279827,"Kuadran 1: Peluang Emas (Produktif Tinggi, TPT Rendah)"
3512,Situbondo,2020,3.85,0.56,484992,686413,70.65600447543972,"Kuadran 1: Peluang Emas (Produktif Tinggi, TPT Rendah)"
3512,Situbondo,2021,3.68,0.46,486031,689361,70.50456872378913,"Kuadran 1: Peluang Emas (Produktif Tinggi, TPT Rendah)"
3512,Situbondo,2022,3.38,0.44,486799,692143,70.33214234630705,"Kuadran 1: Peluang Emas (Produktif Tinggi, TPT Rendah)"
3512,Situbondo,2023,3.27,0.58,487222,694754,70.12870742737717,"Kuadran 1: Peluang Emas (Produktif Tinggi, TPT Rendah)"
3512,Situbondo,2024,3.15,0.57,487329,697187,69.89932399772228,"Kuadran 1: Peluang Emas (Produktif Tinggi, TPT Rendah)"
3512,Situbondo,2025,3.02,0.56,486962,699434,69.6222945982037,"Kuadran 1: Peluang Emas (Produktif Tinggi, TPT Rendah)"
3513,Probolinggo,2018,4.0,0.72,812460,1161989,69.91976688247479,"Kuadran 1: Peluang Emas (Produktif Tinggi, TPT Rendah)"
3513,Probolinggo,2019,3.77,0.71,816418,1169101,69.83297422549464,"Kuadran 1: Peluang Emas (Produktif Tinggi, TPT Rendah)"
3513,Probolinggo,2020,4.86,0.49,819888,1175856,69.72690533534718,"Kuadran 2: Ancaman Pengangguran (Produktif Tinggi, TPT Tinggi)"
3513,Probolinggo,2021,4.55,0.39,822876,1182298,69.59971174779962,"Kuadran 2: Ancaman Pengangguran (Produktif Tinggi, TPT Tinggi)"
3513,Probolinggo,2022,3.25,0.37,825415,1188469,69.45195878058242,"Kuadran 1: Peluang Emas (Produktif Tinggi, TPT Rendah)"
3513,Probolinggo,2023,3.24,0.77,827380,1194358,69.27403676284665,"Kuadran 3: Kondisi Stabil (Produktif Rendah, TPT Rendah)"
3513,Probolinggo,2024,3.0,0.75,828799,1199954,69.06923098718785,"Kuadran 3: Kondisi Stabil (Produktif Rendah, TPT Rendah)"
3513,Probolinggo,2025,2.92,0.73,829416,1205240,68.81749693007202,"Kuadran 3: Kondisi Stabil (Produktif Rendah, TPT Rendah)"
3514,Pasuruan,2018,5.94,0.83,1156158,1616835,71.50748221061518,"Kuadran 2: Ancaman Pengangguran (Produktif Tinggi, TPT Tinggi)"
3514,Pasuruan,2019,5.22,0.81,1163366,1628430,71.4409584692004,"Kuadran 2: Ancaman Pengangguran (Produktif Tinggi, TPT Tinggi)"
3514,Pasuruan,2020,6.24,0.58,1169998,1639550,71.36092220426336,"Kuadran 2: Ancaman Pengangguran (Produktif Tinggi, TPT Tinggi)"
3514,Pasuruan,2021,6.03,0.48,1176038,1650256,71.26397358955217,"Kuadran 2: Ancaman Pengangguran (Produktif Tinggi, TPT Tinggi)"
3514,Pasuruan,2022,5.91,0.46,1181482,1660602,71.14781266070979,"Kuadran 2: Ancaman Pengangguran (Produktif Tinggi, TPT Tinggi)"
3514,Pasuruan,2023,5.48,0.86,1186134,1670573,71.00162638807164,"Kuadran 2: Ancaman Pengangguran (Produktif Tinggi, TPT Tinggi)"
3514,Pasuruan,2024,5.02,0.84,1190019,1680154,70.8279717216398,"Kuadran 2: Ancaman Pengangguran (Produktif Tinggi, TPT Tinggi)"
3514,Pasuruan,2025,4.22,0.82,1192766,1689318,70.60636304117993,"Kuadran 1: Peluang Emas (Produktif Tinggi, TPT Rendah)"
3515,Sidoarjo,2018,4.62,1.65,1610906,2219045,72.59456207512692,"Kuadran 2: Ancaman Pengangguran (Produktif Tinggi, TPT Tinggi)"
3515,Sidoarjo,2019,4.62,1.63,1635032,2253434,72.55735024855399,"Kuadran 2: Ancaman Pengangguran (Produktif Tinggi, TPT Tinggi)"
3515,Sidoarjo,2020,10.97,0.68,1658377,2287578,72.4948832345826,"Kuadran 2: Ancaman Pengangguran (Produktif Tinggi, TPT Tinggi)"
3515,Sidoarjo,2021,10.87,0.58,1681003,2321549,72.40868058352419,"Kuadran 2: Ancaman Pengangguran (Produktif Tinggi, TPT Tinggi)"
3515,Sidoarjo,2022,8.8,0.56,1703082,2355415,72.30496536703723,"Kuadran 2: Ancaman Pengangguran (Produktif Tinggi, TPT Tinggi)"
3515,Sidoarjo,2023,8.05,1.14,1724355,2389147,72.17450412218251,"Kuadran 2: Ancaman Pengangguran (Produktif Tinggi, TPT Tinggi)"
3515,Sidoarjo,2024,6.49,1.12,1744905,2422711,72.02282897134657,"Kuadran 2: Ancaman Pengangguran (Produktif Tinggi, TPT Tinggi)"
3515,Sidoarjo,2025,5.75,1.1,1764364,2456063,71.83708235497215,"Kuadran 2: Ancaman Pengangguran (Produktif Tinggi, TPT Tinggi)"
3516,Mojokerto,2018,4.21,0.97,784292,1109067,70.71637691861719,"Kuadran 1: Peluang Emas (Produktif Tinggi, TPT Rendah)"
3516,Mojokerto,2019,3.61,0.95,789945,1118625,70.61749916191754,"Kuadran 1: Peluang Emas (Produktif Tinggi, TPT Rendah)"
3516,Mojokerto,2020,5.75,0.85,795111,1127882,70.49593840490405,"Kuadran 2: Ancaman Pengangguran (Produktif Tinggi, TPT Tinggi)"
3516,Mojokerto,2021,5.54,0.75,799806,1136879,70.3510224043192,"Kuadran 2: Ancaman Pengangguran (Produktif Tinggi, TPT Tinggi)"
3516,Mojokerto,2022,4.83,0.73,804082,1145650,70.1856587963165,"Kuadran 2: Ancaman Pengangguran (Produktif Tinggi, TPT Tinggi)"
3516,Mojokerto,2023,4.67,0.85,807819,1154185,69.99042614485546,"Kuadran 2: Ancaman Pengangguran (Produktif Tinggi, TPT Tinggi)"
3516,Mojokerto,2024,3.87,0.83,811082,1162473,69.7721151372978,"Kuadran 1: Peluang Emas (Produktif Tinggi, TPT Rendah)"
3516,Mojokerto,2025,3.49,0.81,813631,1170493,69.51182108735378,"Kuadran 1: Peluang Emas (Produktif Tinggi, TPT Rendah)"
3517,Jombang,2018,4.56,0.57,866890,1258259,68.89599041214886,"Kuadran 4: Beban Ketenagakerjaan (Produktif Rendah, TPT Tinggi)"
3517,Jombang,2019,4.28,0.55,869405,1263961,68.78416343542246,"Kuadran 3: Kondisi Stabil (Produktif Rendah, TPT Rendah)"
3517,Jombang,2020,7.48,0.89,871407,1269257,68.65489022317782,"Kuadran 4: Beban Ketenagakerjaan (Produktif Rendah, TPT Tinggi)"
3517,Jombang,2021,7.09,0.8,872914,1274197,68.50698910764976,"Kuadran 4: Beban Ketenagakerjaan (Produktif Rendah, TPT Tinggi)"
3517,Jombang,2022,5.47,0.77,873925,1278825,68.33812288624324,"Kuadran 4: Beban Ketenagakerjaan (Produktif Rendah, TPT Tinggi)"
3517,Jombang,2023,4.66,0.91,874295,1283132,68.13757275167325,"Kuadran 4: Beban Ketenagakerjaan (Produktif Rendah, TPT Tinggi)"
3517,Jombang,2024,3.75,0.89,874046,1287108,67.90774356153484,"Kuadran 3: Kondisi Stabil (Produktif Rendah, TPT Rendah)"
3517,Jombang,2025,3.28,0.88,872920,1290736,67.62963146607827,"Kuadran 3: Kondisi Stabil (Produktif Rendah, TPT Rendah)"
3518,Nganjuk,2018,2.6,0.42,718974,1051503,68.37583915595106,"Kuadran 3: Kondisi Stabil (Produktif Rendah, TPT Rendah)"
3518,Nganjuk,2019,3.16,0.4,719598,1054700,68.22774248601498,"Kuadran 3: Kondisi Stabil (Produktif Rendah, TPT Rendah)"
3518,Nganjuk,2020,4.8,0.8,719729,1057547,68.05645517409629,"Kuadran 4: Beban Ketenagakerjaan (Produktif Rendah, TPT Tinggi)"
3518,Nganjuk,2021,4.98,0.7,719387,1060086,67.86119239382465,"Kuadran 4: Beban Ketenagakerjaan (Produktif Rendah, TPT Tinggi)"
3518,Nganjuk,2022,4.74,0.68,718612,1062357,67.64317456372952,"Kuadran 4: Beban Ketenagakerjaan (Produktif Rendah, TPT Tinggi)"
3518,Nganjuk,2023,4.68,0.68,717306,1064353,67.39361847056381,"Kuadran 4: Beban Ketenagakerjaan (Produktif Rendah, TPT Tinggi)"
3518,Nganjuk,2024,3.87,0.67,715532,1066067,67.1188583831973,"Kuadran 3: Kondisi Stabil (Produktif Rendah, TPT Rendah)"
3518,Nganjuk,2025,3.84,0.65,713044,1067485,66.7966294608355,"Kuadran 3: Kondisi Stabil (Produktif Rendah, TPT Rendah)"
3519,Madiun,2018,3.71,0.35,467359,681227,68.60547218474899,"Kuadran 3: Kondisi Stabil (Produktif Rendah, TPT Rendah)"
3519,Madiun,2019,3.52,0.33,467437,682868,68.45202879619488,"Kuadran 3: Kondisi Stabil (Produktif Rendah, TPT Rendah)"
3519,Madiun,2020,4.8,1.14,467189,684279,68.27463651522258,"Kuadran 4: Beban Ketenagakerjaan (Produktif Rendah, TPT Tinggi)"
3519,Madiun,2021,4.99,1.04,466629,685490,68.0723278238924,"Kuadran 4: Beban Ketenagakerjaan (Produktif Rendah, TPT Tinggi)"
3519,Madiun,2022,5.84,1.02,465774,686525,67.84516223007174,"Kuadran 4: Beban Ketenagakerjaan (Produktif Rendah, TPT Tinggi)"
3519,Madiun,2023,5.14,0.49,464556,687381,67.58347990415797,"Kuadran 4: Beban Ketenagakerjaan (Produktif Rendah, TPT Tinggi)"
3519,Madiun,2024,4.34,0.48,463021,688054,67.29428213483244,"Kuadran 3: Kondisi Stabil (Produktif Rendah, TPT Rendah)"
3519,Madiun,2025,3.22,0.47,461018,688535,66.95636387402239,"Kuadran 3: Kondisi Stabil (Produktif Rendah, TPT Rendah)"
3520,Magetan,2018,3.82,0.17,428628,632192,67.80028851994331,"Kuadran 3: Kondisi Stabil (Produktif Rendah, TPT Rendah)"
3520,Magetan,2019,2.98,0.15,428322,633714,67.58916482829794,"Kuadran 3: Kondisi Stabil (Produktif Rendah, TPT Rendah)"
3520,Magetan,2020,3.74,0.76,427672,635024,67.34737584721208,"Kuadran 3: Kondisi Stabil (Produktif Rendah, TPT Rendah)"
3520,Magetan,2021,3.86,0.66,426677,636148,67.07197067349108,"Kuadran 3: Kondisi Stabil (Produktif Rendah, TPT Rendah)"
3520,Magetan,2022,4.33,0.64,425394,637108,66.76952730149362,"Kuadran 3: Kondisi Stabil (Produktif Rendah, TPT Rendah)"
3520,Magetan,2023,4.16,0.59,423796,637903,66.43580607082895,"Kuadran 3: Kondisi Stabil (Produktif Rendah, TPT Rendah)"
3520,Magetan,2024,3.28,0.58,421910,638527,66.0755144261715,"Kuadran 3: Kondisi Stabil (Produktif Rendah, TPT Rendah)"
3520,Magetan,2025,3.26,0.57,419616,638974,65.6702776638799,"Kuadran 3: Kondisi Stabil (Produktif Rendah, TPT Rendah)"
3521,Ngawi,2018,3.75,0.19,582840,835101,69.79275560680685,"Kuadran 1: Peluang Emas (Produktif Tinggi, TPT Rendah)"
3521,Ngawi,2019,3.6,0.17,582966,837112,69.64014373226044,"Kuadran 1: Peluang Emas (Produktif Tinggi, TPT Rendah)"
3521,Ngawi,2020,5.44,0.6,582684,838842,69.4629024297782,"Kuadran 2: Ancaman Pengangguran (Produktif Tinggi, TPT Tinggi)"
3521,Ngawi,2021,4.25,0.5,582002,840327,69.25899084523049,"Kuadran 3: Kondisi Stabil (Produktif Rendah, TPT Rendah)"
3521,Ngawi,2022,2.48,0.48,580952,841595,69.02987779157434,"Kuadran 3: Kondisi Stabil (Produktif Rendah, TPT Rendah)"
3521,Ngawi,2023,2.41,0.44,579471,842645,68.76810519257813,"Kuadran 3: Kondisi Stabil (Produktif Rendah, TPT Rendah)"
3521,Ngawi,2024,2.4,0.43,577617,843470,68.48103666994677,"Kuadran 3: Kondisi Stabil (Produktif Rendah, TPT Rendah)"
3521,Ngawi,2025,2.26,0.41,575196,844059,68.14642104402654,"Kuadran 3: Kondisi Stabil (Produktif Rendah, TPT Rendah)"
3522,Bojonegoro,2018,4.11,0.37,883266,1246580,70.85513966211555,"Kuadran 1: Peluang Emas (Produktif Tinggi, TPT Rendah)"
3522,Bojonegoro,2019,3.56,0.36,883803,1249827,70.71402682131207,"Kuadran 1: Peluang Emas (Produktif Tinggi, TPT Rendah)"
3522,Bojonegoro,2020,4.92,0.71,883707,1252657,70.54660613400156,"Kuadran 2: Ancaman Pengangguran (Produktif Tinggi, TPT Tinggi)"
3522,Bojonegoro,2021,4.82,0.61,882998,1255119,70.35173557248356,"Kuadran 2: Ancaman Pengangguran (Produktif Tinggi, TPT Tinggi)"
3522,Bojonegoro,2022,4.69,0.59,881780,1257262,70.13494402916814,"Kuadran 2: Ancaman Pengangguran (Produktif Tinggi, TPT Tinggi)"
3522,Bojonegoro,2023,4.63,0.5,879940,1259078,69.88764794556016,"Kuadran 2: Ancaman Pengangguran (Produktif Tinggi, TPT Tinggi)"
3522,Bojonegoro,2024,4.42,0.48,877531,1260557,69.61454341215828,"Kuadran 1: Peluang Emas (Produktif Tinggi, TPT Rendah)"
3522,Bojonegoro,2025,3.9,0.46,874337,1261686,69.29909660565306,"Kuadran 3: Kondisi Stabil (Produktif Rendah, TPT Rendah)"
3523,Tuban,2018,2.76,0.54,833137,1168129,71.32234539164767,"Kuadran 1: Peluang Emas (Produktif Tinggi, TPT Rendah)"
3523,Tuban,2019,2.7,0.52,835308,1173139,71.20281569362199,"Kuadran 1: Peluang Emas (Produktif Tinggi, TPT Rendah)"
3523,Tuban,2020,4.81,0.67,836961,1177771,71.06313536332614,"Kuadran 2: Ancaman Pengangguran (Produktif Tinggi, TPT Tinggi)"
3523,Tuban,2021,4.68,0.57,838108,1182070,70.90172324820018,"Kuadran 2: Ancaman Pengangguran (Produktif Tinggi, TPT Tinggi)"
3523,Tuban,2022,4.54,0.55,838790,1186077,70.71969189184176,"Kuadran 2: Ancaman Pengangguran (Produktif Tinggi, TPT Tinggi)"
3523,Tuban,2023,4.4,0.62,838882,1189785,70.50702437835407,"Kuadran 1: Peluang Emas (Produktif Tinggi, TPT Rendah)"
3523,Tuban,2024,4.28,0.6,838416,1193185,70.26705833546349,"Kuadran 1: Peluang Emas (Produktif Tinggi, TPT Rendah)"
3523,Tuban,2025,3.44,0.58,837170,1196260,69.98227810007857,"Kuadran 1: Peluang Emas (Produktif Tinggi, TPT Rendah)"
3524,Lamongan,2018,3.1,0.1,838584,1196948,70.06018640742955,"Kuadran 1: Peluang Emas (Produktif Tinggi, TPT Rendah)"
3524,Lamongan,2019,3.89,0.09,839091,1199830,69.93415733895635,"Kuadran 1: Peluang Emas (Produktif Tinggi, TPT Rendah)"
3524,Lamongan,2020,5.13,1.28,839026,1202310,69.7844981743477,"Kuadran 2: Ancaman Pengangguran (Produktif Tinggi, TPT Tinggi)"
3524,Lamongan,2021,4.9,1.18,838392,1204437,69.60862211971236,"Kuadran 2: Ancaman Pengangguran (Produktif Tinggi, TPT Tinggi)"
3524,Lamongan,2022,6.05,1.16,837272,1206257,69.41074746094738,"Kuadran 2: Ancaman Pengangguran (Produktif Tinggi, TPT Tinggi)"
3524,Lamongan,2023,5.46,0.68,835548,1207761,69.18156820761723,"Kuadran 4: Beban Ketenagakerjaan (Produktif Rendah, TPT Tinggi)"
3524,Lamongan,2024,4.34,0.67,833269,1208943,68.92541666563271,"Kuadran 3: Kondisi Stabil (Produktif Rendah, TPT Rendah)"
3524,Lamongan,2025,4.29,0.65,830179,1209788,68.62185771391351,"Kuadran 3: Kondisi Stabil (Produktif Rendah, TPT Rendah)"
3525,Gresik,2018,5.71,1.23,929376,1299769,71.50316710123107,"Kuadran 2: Ancaman Pengangguran (Produktif Tinggi, TPT Tinggi)"
3525,Gresik,2019,5.4,1.21,939247,1314329,71.46209206370703,"Kuadran 2: Ancaman Pengangguran (Produktif Tinggi, TPT Tinggi)"
3525,Gresik,2020,8.21,1.05,948702,1328601,71.40608805804,"Kuadran 2: Ancaman Pengangguran (Produktif Tinggi, TPT Tinggi)"
3525,Gresik,2021,8.0,0.95,957761,1342628,71.33480010844404,"Kuadran 2: Ancaman Pengangguran (Produktif Tinggi, TPT Tinggi)"
3525,Gresik,2022,7.84,0.93,966403,1356453,71.24485699099047,"Kuadran 2: Ancaman Pengangguran (Produktif Tinggi, TPT Tinggi)"
3525,Gresik,2023,6.82,1.08,974463,1370060,71.12557114286966,"Kuadran 2: Ancaman Pengangguran (Produktif Tinggi, TPT Tinggi)"
3525,Gresik,2024,6.45,1.06,981952,1383432,70.97941929924998,"Kuadran 2: Ancaman Pengangguran (Produktif Tinggi, TPT Tinggi)"
3525,Gresik,2025,5.47,1.04,988632,1396545,70.79127418020902,"Kuadran 2: Ancaman Pengangguran (Produktif Tinggi, TPT Tinggi)"
3526,Bangkalan,2018,5.09,0.95,649906,979202,66.370983719396,"Kuadran 4: Beban Ketenagakerjaan (Produktif Rendah, TPT Tinggi)"
3526,Bangkalan,2019,5.62,0.93,654570,987454,66.28865749695682,"Kuadran 4: Beban Ketenagakerjaan (Produktif Rendah, TPT Tinggi)"
3526,Bangkalan,2020,8.77,1.53,658614,995438,66.16323668576044,"Kuadran 4: Beban Ketenagakerjaan (Produktif Rendah, TPT Tinggi)"
3526,Bangkalan,2021,8.07,1.43,662080,1003188,65.99759965230844,"Kuadran 4: Beban Ketenagakerjaan (Produktif Rendah, TPT Tinggi)"
3526,Bangkalan,2022,8.05,1.41,665205,1010737,65.81385662145543,"Kuadran 4: Beban Ketenagakerjaan (Produktif Rendah, TPT Tinggi)"
3526,Bangkalan,2023,6.18,1.07,667848,1018075,65.59909633376716,"Kuadran 4: Beban Ketenagakerjaan (Produktif Rendah, TPT Tinggi)"
3526,Bangkalan,2024,5.35,1.04,670080,1025191,65.36147898294074,"Kuadran 4: Beban Ketenagakerjaan (Produktif Rendah, TPT Tinggi)"
3526,Bangkalan,2025,5.31,1.02,671696,1032068,65.08253332144781,"Kuadran 4: Beban Ketenagakerjaan (Produktif Rendah, TPT Tinggi)"
3527,Sampang,2018,2.38,1.23,644883,969212,66.5368361101596,"Kuadran 3: Kondisi Stabil (Produktif Rendah, TPT Rendah)"
3527,Sampang,2019,2.71,1.21,651736,980059,66.49966991783147,"Kuadran 3: Kondisi Stabil (Produktif Rendah, TPT Rendah)"
3527,Sampang,2020,3.35,0.97,658224,990691,66.440898322484,"Kuadran 3: Kondisi Stabil (Produktif Rendah, TPT Rendah)"
3527,Sampang,2021,3.45,0.87,664323,1001140,66.35665341510678,"Kuadran 3: Kondisi Stabil (Produktif Rendah, TPT Rendah)"
3527,Sampang,2022,3.11,0.85,670121,1011438,66.25428350526676,"Kuadran 3: Kondisi Stabil (Produktif Rendah, TPT Rendah)"
3527,Sampang,2023,2.72,1.29,675453,1021574,66.1188518893394,"Kuadran 3: Kondisi Stabil (Produktif Rendah, TPT Rendah)"
3527,Sampang,2024,2.5,1.26,680339,1031534,65.95410330633794,"Kuadran 3: Kondisi Stabil (Produktif Rendah, TPT Rendah)"
3527,Sampang,2025,2.44,1.23,684492,1041299,65.73443362569252,"Kuadran 3: Kondisi Stabil (Produktif Rendah, TPT Rendah)"
3528,Pamekasan,2018,2.88,1.13,607411,871996,69.65754430066194,"Kuadran 1: Peluang Emas (Produktif Tinggi, TPT Rendah)"
3528,Pamekasan,2019,2.26,1.11,612994,880909,69.58652936909488,"Kuadran 1: Peluang Emas (Produktif Tinggi, TPT Rendah)"
3528,Pamekasan,2020,3.49,0.64,618276,889610,69.49966839401536,"Kuadran 1: Peluang Emas (Produktif Tinggi, TPT Rendah)"
3528,Pamekasan,2021,3.1,0.54,623234,898130,69.39240421765224,"Kuadran 1: Peluang Emas (Produktif Tinggi, TPT Rendah)"
3528,Pamekasan,2022,1.4,0.52,627893,906496,69.26594270686248,"Kuadran 3: Kondisi Stabil (Produktif Rendah, TPT Rendah)"
3528,Pamekasan,2023,1.74,1.09,632129,914700,69.10779490543348,"Kuadran 3: Kondisi Stabil (Produktif Rendah, TPT Rendah)"
3528,Pamekasan,2024,1.64,1.07,635943,922731,68.91965263982678,"Kuadran 3: Kondisi Stabil (Produktif Rendah, TPT Rendah)"
3528,Pamekasan,2025,1.33,1.05,639087,930574,68.67664473754908,"Kuadran 3: Kondisi Stabil (Produktif Rendah, TPT Rendah)"
3529,Sumenep,2018,1.75,0.5,775958,1085067,71.51245038324822,"Kuadran 1: Peluang Emas (Produktif Tinggi, TPT Rendah)"
3529,Sumenep,2019,2.08,0.48,777607,1089285,71.38691894224193,"Kuadran 1: Peluang Emas (Produktif Tinggi, TPT Rendah)"
3529,Sumenep,2020,2.84,0.74,778726,1093150,71.23688423363673,"Kuadran 1: Peluang Emas (Produktif Tinggi, TPT Rendah)"
3529,Sumenep,2021,2.31,0.64,779331,1096701,71.06139230291575,"Kuadran 1: Peluang Emas (Produktif Tinggi, TPT Rendah)"
3529,Sumenep,2022,1.36,0.62,779507,1099979,70.86562561648904,"Kuadran 1: Peluang Emas (Produktif Tinggi, TPT Rendah)"
3529,Sumenep,2023,1.71,0.71,779150,1102978,70.64057488000667,"Kuadran 1: Peluang Emas (Produktif Tinggi, TPT Rendah)"
3529,Sumenep,2024,1.69,0.68,778346,1105687,70.39478622792889,"Kuadran 1: Peluang Emas (Produktif Tinggi, TPT Rendah)"
3529,Sumenep,2025,1.64,0.65,776857,1108095,70.10743663675046,"Kuadran 1: Peluang Emas (Produktif Tinggi, TPT Rendah)"
3571,Kota Kediri,2018,3.56,0.77,204698,285809,71.62055778509423,"Kuadran 1: Peluang Emas (Produktif Tinggi, TPT Rendah)"
3571,Kota Kediri,2019,4.15,0.75,205839,287707,71.54466175657875,"Kuadran 1: Peluang Emas (Produktif Tinggi, TPT Rendah)"
3571,Kota Kediri,2020,6.21,0.64,206838,289519,71.44194336123017,"Kuadran 2: Ancaman Pengangguran (Produktif Tinggi, TPT Tinggi)"
3571,Kota Kediri,2021,6.37,0.54,207703,291256,71.31286565770318,"Kuadran 2: Ancaman Pengangguran (Produktif Tinggi, TPT Tinggi)"
3571,Kota Kediri,2022,4.38,0.52,208455,292927,71.16278117073537,"Kuadran 1: Peluang Emas (Produktif Tinggi, TPT Rendah)"
3571,Kota Kediri,2023,4.06,2.94,209068,294532,70.9831189819782,"Kuadran 1: Peluang Emas (Produktif Tinggi, TPT Rendah)"
3571,Kota Kediri,2024,3.91,1.05,209552,296064,70.77929096411587,"Kuadran 1: Peluang Emas (Produktif Tinggi, TPT Rendah)"
3571,Kota Kediri,2025,3.76,1.04,209855,297523,70.53404274627508,"Kuadran 1: Peluang Emas (Produktif Tinggi, TPT Rendah)"
3572,Kota Blitar,2018,3.98,0.82,98842,140966,70.11761701403175,"Kuadran 1: Peluang Emas (Produktif Tinggi, TPT Rendah)"
3572,Kota Blitar,2019,4.54,0.8,99404,141963,70.02106182596873,"Kuadran 2: Ancaman Pengangguran (Produktif Tinggi, TPT Tinggi)"
3572,Kota Blitar,2020,6.68,1.19,99906,142920,69.90344248530647,"Kuadran 2: Ancaman Pengangguran (Produktif Tinggi, TPT Tinggi)"
3572,Kota Blitar,2021,6.61,1.09,100350,143840,69.76501668520578,"Kuadran 2: Ancaman Pengangguran (Produktif Tinggi, TPT Tinggi)"
3572,Kota Blitar,2022,5.39,1.07,100734,144727,69.6027693519523,"Kuadran 2: Ancaman Pengangguran (Produktif Tinggi, TPT Tinggi)"
3572,Kota Blitar,2023,5.24,2.86,101052,145583,69.41195057115185,"Kuadran 2: Ancaman Pengangguran (Produktif Tinggi, TPT Tinggi)"
3572,Kota Blitar,2024,5.11,1.02,101300,146404,69.19209857654162,"Kuadran 4: Beban Ketenagakerjaan (Produktif Rendah, TPT Tinggi)"
3572,Kota Blitar,2025,4.28,0.99,101454,147189,68.92770519536107,"Kuadran 3: Kondisi Stabil (Produktif Rendah, TPT Rendah)"
3573,Kota Malang,2018,6.65,0.68,637975,866230,73.64960807175923,"Kuadran 2: Ancaman Pengangguran (Produktif Tinggi, TPT Tinggi)"
3573,Kota Malang,2019,5.88,0.66,640714,871135,73.54933506287774,"Kuadran 2: Ancaman Pengangguran (Produktif Tinggi, TPT Tinggi)"
3573,Kota Malang,2020,9.61,0.27,643157,875771,73.43894693932546,"Kuadran 2: Ancaman Pengangguran (Produktif Tinggi, TPT Tinggi)"
3573,Kota Malang,2021,9.65,0.18,645316,880169,73.31728338534987,"Kuadran 2: Ancaman Pengangguran (Produktif Tinggi, TPT Tinggi)"
3573,Kota Malang,2022,7.66,0.16,647154,884360,73.17766520421549,"Kuadran 2: Ancaman Pengangguran (Produktif Tinggi, TPT Tinggi)"
3573,Kota Malang,2023,6.8,2.55,648570,888338,73.00937255864322,"Kuadran 2: Ancaman Pengangguran (Produktif Tinggi, TPT Tinggi)"
3573,Kota Malang,2024,6.1,0.9,649573,892095,72.81433031235463,"Kuadran 2: Ancaman Pengangguran (Produktif Tinggi, TPT Tinggi)"
3573,Kota Malang,2025,5.69,0.88,649985,895617,72.57399089119568,"Kuadran 2: Ancaman Pengangguran (Produktif Tinggi, TPT Tinggi)"
3574,Kota Probolinggo,2018,3.56,1.0,165650,235313,70.39560075303956,"Kuadran 1: Peluang Emas (Produktif Tinggi, TPT Rendah)"
3574,Kota Probolinggo,2019,4.25,0.98,167007,237410,70.3453940440588,"Kuadran 1: Peluang Emas (Produktif Tinggi, TPT Rendah)"
3574,Kota Probolinggo,2020,6.7,0.96,168294,239444,70.28532767578223,"Kuadran 2: Ancaman Pengangguran (Produktif Tinggi, TPT Tinggi)"
3574,Kota Probolinggo,2021,6.55,0.86,169508,241423,70.21203447890217,"Kuadran 2: Ancaman Pengangguran (Produktif Tinggi, TPT Tinggi)"
3574,Kota Probolinggo,2022,4.57,0.84,170641,243356,70.11990663883364,"Kuadran 2: Ancaman Pengangguran (Produktif Tinggi, TPT Tinggi)"
3574,Kota Probolinggo,2023,4.53,3.08,171659,245240,69.99633012559126,"Kuadran 1: Peluang Emas (Produktif Tinggi, TPT Rendah)"
3574,Kota Probolinggo,2024,4.44,1.09,172556,247072,69.84037041833959,"Kuadran 1: Peluang Emas (Produktif Tinggi, TPT Rendah)"
3574,Kota Probolinggo,2025,4.93,1.07,173287,248848,69.63568121905742,"Kuadran 2: Ancaman Pengangguran (Produktif Tinggi, TPT Tinggi)"
3575,Kota Pasuruan,2018,4.5,0.83,139377,199125,69.99472693032016,"Kuadran 1: Peluang Emas (Produktif Tinggi, TPT Rendah)"
3575,Kota Pasuruan,2019,4.89,0.81,140299,200554,69.95572264826431,"Kuadran 2: Ancaman Pengangguran (Produktif Tinggi, TPT Tinggi)"
3575,Kota Pasuruan,2020,6.33,1.07,141134,201924,69.89461381509875,"Kuadran 2: Ancaman Pengangguran (Produktif Tinggi, TPT Tinggi)"
3575,Kota Pasuruan,2021,6.23,0.98,141899,203244,69.81706717049457,"Kuadran 2: Ancaman Pengangguran (Produktif Tinggi, TPT Tinggi)"
3575,Kota Pasuruan,2022,6.18,0.96,142587,204520,69.71787600234696,"Kuadran 2: Ancaman Pengangguran (Produktif Tinggi, TPT Tinggi)"
3575,Kota Pasuruan,2023,5.64,4.04,143177,205749,69.58818754890667,"Kuadran 2: Ancaman Pengangguran (Produktif Tinggi, TPT Tinggi)"
3575,Kota Pasuruan,2024,4.63,1.43,143679,206930,69.43362489730826,"Kuadran 2: Ancaman Pengangguran (Produktif Tinggi, TPT Tinggi)"
3575,Kota Pasuruan,2025,4.59,1.41,144048,208060,69.23387484379506,"Kuadran 4: Beban Ketenagakerjaan (Produktif Rendah, TPT Tinggi)"
3576,Kota Mojokerto,2018,2.44,0.81,92296,128540,71.80332970281624,"Kuadran 1: Peluang Emas (Produktif Tinggi, TPT Rendah)"
3576,Kota Mojokerto,2019,2.63,0.78,92885,129467,71.74415101917863,"Kuadran 1: Peluang Emas (Produktif Tinggi, TPT Rendah)"
3576,Kota Mojokerto,2020,6.74,0.94,93423,130358,71.66648767240983,"Kuadran 2: Ancaman Pengangguran (Produktif Tinggi, TPT Tinggi)"
3576,Kota Mojokerto,2021,6.87,0.84,93912,131216,71.57054017802706,"Kuadran 2: Ancaman Pengangguran (Produktif Tinggi, TPT Tinggi)"
3576,Kota Mojokerto,2022,5.05,0.82,94352,132045,71.45442841455565,"Kuadran 2: Ancaman Pengangguran (Produktif Tinggi, TPT Tinggi)"
3576,Kota Mojokerto,2023,4.73,2.8,94725,132844,71.30544096835386,"Kuadran 2: Ancaman Pengangguran (Produktif Tinggi, TPT Tinggi)"
3576,Kota Mojokerto,2024,3.76,0.99,95049,133612,71.13807143070981,"Kuadran 1: Peluang Emas (Produktif Tinggi, TPT Rendah)"
3576,Kota Mojokerto,2025,4.66,0.96,95284,134347,70.92380179683953,"Kuadran 2: Ancaman Pengangguran (Produktif Tinggi, TPT Tinggi)"
3577,Kota Madiun,2018,3.8,0.41,124765,176593,70.65115831318343,"Kuadran 1: Peluang Emas (Produktif Tinggi, TPT Rendah)"
3577,Kota Madiun,2019,3.96,0.38,124884,177108,70.51290737854869,"Kuadran 1: Peluang Emas (Produktif Tinggi, TPT Rendah)"
3577,Kota Madiun,2020,8.32,1.29,124927,177567,70.35485197136855,"Kuadran 2: Ancaman Pengangguran (Produktif Tinggi, TPT Tinggi)"
3577,Kota Madiun,2021,8.15,1.19,124896,177972,70.17733126559233,"Kuadran 2: Ancaman Pengangguran (Produktif Tinggi, TPT Tinggi)"
3577,Kota Madiun,2022,6.39,1.17,124792,178333,69.97695322794996,"Kuadran 2: Ancaman Pengangguran (Produktif Tinggi, TPT Tinggi)"
3577,Kota Madiun,2023,5.85,2.45,124598,178647,69.7453637620559,"Kuadran 2: Ancaman Pengangguran (Produktif Tinggi, TPT Tinggi)"
3577,Kota Madiun,2024,4.3,0.89,124321,178914,69.48645718054485,"Kuadran 1: Peluang Emas (Produktif Tinggi, TPT Rendah)"
3577,Kota Madiun,2025,4.29,0.89,123930,179132,69.18361878391353,"Kuadran 3: Kondisi Stabil (Produktif Rendah, TPT Rendah)"
3578,Kota Surabaya,2018,6.01,0.53,2132184,2885245,73.89958218452853,"Kuadran 2: Ancaman Pengangguran (Produktif Tinggi, TPT Tinggi)"
3578,Kota Surabaya,2019,5.76,0.51,2139296,2897245,73.83897461208838,"Kuadran 2: Ancaman Pengangguran (Produktif Tinggi, TPT Tinggi)"
3578,Kota Surabaya,2020,9.79,0.37,2145244,2908309,73.76258850074046,"Kuadran 2: Ancaman Pengangguran (Produktif Tinggi, TPT Tinggi)"
3578,Kota Surabaya,2021,9.68,0.28,2150050,2918543,73.66860793210859,"Kuadran 2: Ancaman Pengangguran (Produktif Tinggi, TPT Tinggi)"
3578,Kota Surabaya,2022,7.62,0.26,2153808,2928058,73.55755931064208,"Kuadran 2: Ancaman Pengangguran (Produktif Tinggi, TPT Tinggi)"
3578,Kota Surabaya,2023,6.76,1.29,2156214,2936833,73.41970074566719,"Kuadran 2: Ancaman Pengangguran (Produktif Tinggi, TPT Tinggi)"
3578,Kota Surabaya,2024,4.91,0.44,2157376,2944839,73.2595568042939,"Kuadran 2: Ancaman Pengangguran (Produktif Tinggi, TPT Tinggi)"
3578,Kota Surabaya,2025,4.84,0.42,2156818,2952047,73.06177713295216,"Kuadran 2: Ancaman Pengangguran (Produktif Tinggi, TPT Tinggi)"
3579,Kota Batu,2018,3.07,0.98,145642,205959,70.71407416039115,"Kuadran 1: Peluang Emas (Produktif Tinggi, TPT Rendah)"
3579,Kota Batu,2019,2.42,0.96,146672,207767,70.59446399091289,"Kuadran 1: Peluang Emas (Produktif Tinggi, TPT Rendah)"
3579,Kota Batu,2020,5.93,1.1,147615,209520,70.45389461626576,"Kuadran 2: Ancaman Pengangguran (Produktif Tinggi, TPT Tinggi)"
3579,Kota Batu,2021,6.57,1.01,148478,211225,70.29376257545272,"Kuadran 2: Ancaman Pengangguran (Produktif Tinggi, TPT Tinggi)"
3579,Kota Batu,2022,8.43,0.99,149260,212889,70.111654430243,"Kuadran 2: Ancaman Pengangguran (Produktif Tinggi, TPT Tinggi)"
3579,Kota Batu,2023,4.52,3.38,149935,214508,69.89716001268019,"Kuadran 1: Peluang Emas (Produktif Tinggi, TPT Rendah)"
3579,Kota Batu,2024,3.63,1.19,150524,216084,69.65994705762574,"Kuadran 1: Peluang Emas (Produktif Tinggi, TPT Rendah)"
3579,Kota Batu,2025,3.53,1.17,150984,217609,69.38315970387254,"Kuadran 1: Peluang Emas (Produktif Tinggi, TPT Rendah)"
