kode_wilayah,nama_wilayah,tipe_wilayah,jumlah_penduduk,laju_pertumbuhan,persentase_penduduk,kepadatan_bps,rasio_jenis_kelamin,tahun,jumlah_penduduk_miskin,tpt,ipm,kepadatan_sipil_smt1,kepadatan_sipil_smt2,kepadatan_sipil_tahunan
3501,Pacitan,Kabupaten,554.0,0.31,1.06,399.0,95.4,2018,78.64,1.39,67.33,425.29,426.6,425.94500000000005
3501,Pacitan,Kabupaten,555.0,0.29,1.4,400.0,95.4,2019,75.86,0.91,68.16,427.91,429.19,428.55
3501,Pacitan,Kabupaten,586.1,0.78,1.44,422.0,100.5,2020,80.82,2.28,68.39,429.75,525.19,477.47
3501,Pacitan,Kabupaten,589.1,0.68,1.44,424.0,100.4,2021,84.19,2.04,69.45,429.9384137217,430.2391504547,430.0887820882
3501,Pacitan,Kabupaten,592.9,0.66,1.44,414.0,100.4,2022,76.93,3.65,70.59,418.0,417.96,417.98
3501,Pacitan,Kabupaten,588.0,0.12,1.42,410.0,100.8,2023,76.2,1.83,70.84,418.23,417.0,417.615
3501,Pacitan,Kabupaten,588.6,0.11,1.41,411.0,100.8,2024,73.03,1.56,71.49,414.39,414.39,414.39
3501,Pacitan,Kabupaten,589034.0,0.1,1.4,411.0,100.9,2025,72.47,1.4,71.9,414.39,0.0,414.39
3502,Ponorogo,Kabupaten,871.0,0.22,1.78,667.0,99.9,2018,90.22,3.77,69.91,735.45,736.87,736.1600000000001
3502,Ponorogo,Kabupaten,871.0,0.21,2.19,667.0,100.0,2019,83.97,3.5,70.56,740.8,743.81,742.305
3502,Ponorogo,Kabupaten,949.3,1.01,2.33,727.0,99.8,2020,86.74,4.45,70.81,746.78,748.86,747.8199999999999
3502,Ponorogo,Kabupaten,955.8,0.92,2.34,732.0,99.8,2021,89.94,4.38,70.93,741.8863444895,742.4798958413,742.1831201653999
3502,Ponorogo,Kabupaten,964.3,0.9,2.34,680.0,99.8,2022,81.8,5.51,71.71,684.0,684.11,684.0550000000001
3502,Ponorogo,Kabupaten,959.5,0.39,2.31,676.0,99.4,2023,83.71,4.66,71.98,686.07,688.0,687.0350000000001
3502,Ponorogo,Kabupaten,962.9,0.38,2.3,679.0,99.3,2024,80.05,4.19,72.4,689.21,689.21,689.21
3502,Ponorogo,Kabupaten,966111.0,0.37,2.3,681.0,99.1,2025,77.93,3.85,72.8,689.21,0.0,689.21
3503,Trenggalek,Kabupaten,695.0,0.37,1.62,606.0,98.8,2018,83.5,4.12,68.71,651.14,652.39,651.765
3503,Trenggalek,Kabupaten,696.0,0.35,1.75,607.0,98.8,2019,76.44,3.36,69.46,653.58,653.97,653.7750000000001
3503,Trenggalek,Kabupaten,731.1,0.78,1.8,637.0,101.0,2020,81.06,4.11,70.1,655.17,657.08,656.125
3503,Trenggalek,Kabupaten,734.9,0.69,1.8,641.0,101.0,2021,84.89,3.53,70.4,650.9074109587,651.3092519307,651.1083314447001
3503,Trenggalek,Kabupaten,739.7,0.67,1.8,592.0,100.9,2022,76.75,5.37,71.28,598.0,601.23,599.615
3503,Trenggalek,Kabupaten,741.2,0.5,1.78,593.0,100.6,2023,74.58,4.52,71.96,604.65,605.0,604.825
3503,Trenggalek,Kabupaten,744.5,0.49,1.78,596.0,100.5,2024,73.75,3.9,72.47,606.33,606.33,606.33
3503,Trenggalek,Kabupaten,747614.0,0.47,1.78,598.0,100.3,2025,72.35,3.86,73.39,606.33,0.0,606.33
3504,Tulungagung,Kabupaten,1035.0,0.55,2.62,980.0,95.2,2018,75.23,2.53,71.99,1050.23,1051.06,1050.645
3504,Tulungagung,Kabupaten,1039.0,0.53,2.62,984.0,95.1,2019,70.01,3.29,72.62,1057.62,1059.83,1058.725
3504,Tulungagung,Kabupaten,1089.8,0.93,2.68,1032.0,100.1,2020,76.4,4.61,73.15,1064.11,1067.16,1065.635
3504,Tulungagung,Kabupaten,1096.6,0.83,2.68,1039.0,100.1,2021,78.59,4.91,73.29,1067.2846113769,1067.6047932553,1067.4447023161001
3504,Tulungagung,Kabupaten,1105.3,0.81,2.69,966.0,100.1,2022,70.52,6.65,74.14,985.0,985.63,985.315
3504,Tulungagung,Kabupaten,1107.8,0.6,2.67,968.0,100.1,2023,68.81,5.65,74.65,989.18,991.0,990.0899999999999
3504,Tulungagung,Kabupaten,1113.9,0.58,2.66,973.0,100.1,2024,66.42,4.12,75.13,993.05,993.05,993.05
3504,Tulungagung,Kabupaten,1119588.0,0.57,2.66,978.0,100.1,2025,63.17,4.03,75.88,993.05,0.0,993.05
3505,Blitar,Kabupaten,1158.0,0.45,2.31,866.0,100.4,2018,112.4,3.38,69.93,918.91,920.45,919.6800000000001
3505,Blitar,Kabupaten,1161.0,0.43,2.92,868.0,100.4,2019,103.75,3.05,70.57,928.95,932.79,930.87
3505,Blitar,Kabupaten,1223.7,0.89,3.01,916.0,101.5,2020,108.55,3.82,71.02,936.53,934.69,935.61
3505,Blitar,Kabupaten,1231.0,0.79,3.01,921.0,101.5,2021,112.62,3.66,71.48,919.0500419011,919.7855560876,919.41779899435
3505,Blitar,Kabupaten,1240.3,0.77,3.01,711.0,101.5,2022,101.94,5.45,72.25,701.0,706.62,703.81
3505,Blitar,Kabupaten,1253.6,0.88,3.02,718.0,101.2,2023,101.94,4.91,72.84,713.13,718.0,715.565
3505,Blitar,Kabupaten,1263.7,0.86,3.02,724.0,101.1,2024,95.91,4.77,73.44,720.68,720.68,720.68
3505,Blitar,Kabupaten,1273451.0,0.84,3.03,730.0,100.9,2025,89.04,4.49,74.43,720.68,0.0,720.68
3506,Kediri,Kabupaten,1568.0,0.55,3.02,1131.0,100.8,2018,177.2,4.15,71.07,1174.07,1188.87,1181.4699999999998
3506,Kediri,Kabupaten,1574.0,0.54,3.97,1136.0,100.8,2019,163.95,3.58,71.85,1195.97,1199.46,1197.7150000000001
3506,Kediri,Kabupaten,1635.3,0.84,4.02,1180.0,102.0,2020,179.93,5.24,72.8,1204.25,1207.44,1205.845
3506,Kediri,Kabupaten,1644.4,0.74,4.02,1186.0,102.0,2021,184.49,5.15,73.31,1206.1765448577,1207.1411565239,1206.6588506908001
3506,Kediri,Kabupaten,1656.0,0.72,4.02,1087.0,102.0,2022,169.46,6.83,74.2,1099.0,1099.36,1099.1799999999998
3506,Kediri,Kabupaten,1677.2,0.92,4.04,1101.0,101.9,2023,171.18,5.79,74.68,1102.05,1106.0,1104.025
3506,Kediri,Kabupaten,1689.9,0.88,4.04,1109.0,101.9,2024,159.27,5.1,75.18,1108.24,1108.24,1108.24
3506,Kediri,Kabupaten,1702262.0,0.85,4.04,1117.0,101.8,2025,157.47,4.71,76.09,1108.24,0.0,1108.24
3507,Malang,Kabupaten,2592.0,0.72,1.96,734.0,101.1,2018,268.49,3.15,69.4,701.08,705.85,703.465
3507,Malang,Kabupaten,2606.0,0.7,6.56,738.0,101.1,2019,246.6,3.7,70.35,720.12,722.19,721.155
3507,Malang,Kabupaten,2654.4,0.79,6.53,752.0,101.6,2020,265.56,5.49,71.24,725.47,732.28,728.875
3507,Malang,Kabupaten,2668.3,0.7,6.53,756.0,101.6,2021,276.58,5.4,71.48,739.7807769108,746.5905711413,743.18567402605
3507,Malang,Kabupaten,2685.9,0.68,6.53,773.0,101.5,2022,252.88,6.57,72.23,766.0,774.0,770.0
3507,Malang,Kabupaten,2715.6,0.83,6.54,782.0,101.2,2023,251.36,5.7,73.0,775.1,781.0,778.05
3507,Malang,Kabupaten,2736.0,0.81,6.54,788.0,101.1,2024,240.14,5.13,73.53,785.21,785.21,785.21
3507,Malang,Kabupaten,2755438.0,0.79,6.55,793.0,100.9,2025,235.63,5.0,74.45,785.21,0.0,785.21
3508,Lumajang,Kabupaten,1040.0,0.4,1.55,581.0,95.5,2018,103.69,2.46,64.83,627.01,628.04,627.525
3508,Lumajang,Kabupaten,1042.0,0.39,2.63,582.0,95.4,2019,98.88,2.73,65.33,629.53,630.28,629.905
3508,Lumajang,Kabupaten,1119.3,1.03,2.75,625.0,97.9,2020,102.6,3.36,67.04,632.17,624.06,628.115
3508,Lumajang,Kabupaten,1127.1,0.94,2.76,629.0,97.8,2021,105.25,3.51,67.65,609.6688815679,610.1563459713,609.9126137696001
3508,Lumajang,Kabupaten,1137.2,0.91,2.76,633.0,97.8,2022,95.04,4.97,68.48,609.0,610.71,609.855
3508,Lumajang,Kabupaten,1139.1,0.64,2.74,634.0,97.8,2023,93.82,3.67,69.37,613.16,617.0,615.0799999999999
3508,Lumajang,Kabupaten,1145.9,0.63,2.74,638.0,97.8,2024,91.05,3.28,70.31,619.32,619.32,619.32
3508,Lumajang,Kabupaten,1152264.0,0.61,2.74,641.0,97.7,2025,90.64,3.08,71.02,619.32,0.0,619.32
3509,Jember,Kabupaten,2441.0,0.56,2.11,789.0,96.7,2018,243.42,4.01,65.96,826.69,826.76,826.725
3509,Jember,Kabupaten,2451.0,0.54,6.17,792.0,96.7,2019,226.57,3.69,66.69,828.99,830.72,829.855
3509,Jember,Kabupaten,2536.7,0.81,6.24,820.0,99.5,2020,247.99,5.12,69.01,832.5,833.98,833.24
3509,Jember,Kabupaten,2550.4,0.72,6.24,825.0,99.4,2021,257.09,5.44,69.2,834.8001836797,835.1840353907,834.9921095352
3509,Jember,Kabupaten,2567.7,0.7,6.24,775.0,99.4,2022,232.73,4.06,69.8,780.0,780.24,780.12
3509,Jember,Kabupaten,2586.8,0.71,6.23,781.0,99.3,2023,236.46,4.01,70.42,781.75,785.0,783.375
3509,Jember,Kabupaten,2603.8,0.7,6.23,786.0,99.3,2024,224.77,3.23,70.93,786.47,786.47,786.47
3509,Jember,Kabupaten,2620135.0,0.68,6.23,791.0,99.2,2025,216.76,3.07,71.57,786.47,0.0,786.47
3510,Banyuwangi,Kabupaten,1610.0,0.42,0.74,278.0,99.1,2018,125.5,3.59,70.06,299.65,299.71,299.67999999999995
3510,Banyuwangi,Kabupaten,1614.0,0.4,4.07,279.0,99.1,2019,121.37,3.95,70.6,301.89,302.24,302.065
3510,Banyuwangi,Kabupaten,1708.1,0.91,4.2,295.0,100.3,2020,130.37,5.34,71.85,302.8,303.46,303.13
3510,Banyuwangi,Kabupaten,1718.5,0.81,4.2,297.0,100.2,2021,130.93,5.42,72.62,302.6032443276,302.7770475927,302.69014596015
3510,Banyuwangi,Kabupaten,1731.7,0.79,4.21,482.0,100.2,2022,122.01,5.26,73.15,488.0,490.44,489.22
3510,Banyuwangi,Kabupaten,1743.9,0.76,4.2,485.0,100.1,2023,119.52,4.75,73.79,492.43,495.0,493.71500000000003
3510,Banyuwangi,Kabupaten,1754.4,0.72,4.2,488.0,100.0,2024,106.61,4.03,74.3,496.9,496.9,496.9
3510,Banyuwangi,Kabupaten,1764540.0,0.69,4.19,491.0,99.8,2025,100.13,3.94,75.17,496.9,0.0,496.9
3511,Bondowoso,Kabupaten,772.0,0.58,1.35,506.0,94.9,2018,110.98,3.84,65.27,518.72,519.85,519.2850000000001
3511,Bondowoso,Kabupaten,776.0,0.57,1.95,508.0,94.9,2019,103.33,2.86,66.09,521.73,522.68,522.2049999999999
3511,Bondowoso,Kabupaten,776.2,0.51,1.91,509.0,97.0,2020,110.24,4.13,69.1,524.25,429.86,477.055
3511,Bondowoso,Kabupaten,778.5,0.41,1.9,510.0,97.0,2021,115.18,4.46,69.24,525.2665517671,525.6341867796,525.45036927335
3511,Bondowoso,Kabupaten,781.4,0.39,1.9,503.0,97.0,2022,105.69,4.32,69.91,516.0,516.31,516.155
3511,Bondowoso,Kabupaten,788.2,0.56,1.9,507.0,97.2,2023,105.13,4.15,70.56,518.28,512.0,515.14
3511,Bondowoso,Kabupaten,792.3,0.55,1.89,510.0,97.3,2024,99.62,3.63,71.22,504.54,504.54,504.54
3511,Bondowoso,Kabupaten,796300.0,0.54,1.89,512.0,97.3,2025,96.71,2.55,71.72,504.54,0.0,504.54
3512,Situbondo,Kabupaten,680.0,0.61,1.09,407.0,95.3,2018,80.27,1.85,66.42,411.15,411.36,411.255
3512,Situbondo,Kabupaten,683.0,0.59,1.72,409.0,95.3,2019,76.44,2.77,67.09,413.14,414.18,413.65999999999997
3512,Situbondo,Kabupaten,686.0,0.56,1.69,411.0,96.4,2020,83.74,3.85,68.94,415.11,415.74,415.425
3512,Situbondo,Kabupaten,688.3,0.46,1.68,412.0,96.4,2021,86.95,3.68,69.34,398.9801601322,399.2041296628,399.0921448975
3512,Situbondo,Kabupaten,691.3,0.44,1.68,418.0,96.4,2022,81.46,3.38,69.76,403.0,407.06,405.03
3512,Situbondo,Kabupaten,697.0,0.58,1.68,421.0,96.6,2023,82.62,3.27,70.65,410.27,414.0,412.135
3512,Situbondo,Kabupaten,700.7,0.57,1.68,424.0,96.6,2024,80.17,3.15,71.22,416.35,416.35,416.35
3512,Situbondo,Kabupaten,704243.0,0.56,1.67,426.0,96.6,2025,78.02,3.02,71.87,416.35,0.0,416.35
3513,Probolinggo,Kabupaten,1162.0,0.72,1.83,685.0,95.3,2018,217.06,4.0,64.85,659.89,663.24,661.565
3513,Probolinggo,Kabupaten,1169.0,0.71,2.94,689.0,95.3,2019,207.22,3.77,65.6,669.97,671.1,670.5350000000001
3513,Probolinggo,Kabupaten,1152.5,0.49,2.83,679.0,97.4,2020,218.35,4.86,68.77,673.8,675.7,674.75
3513,Probolinggo,Kabupaten,1155.9,0.39,2.83,681.0,97.4,2021,223.32,4.55,68.94,681.8554306365,682.3494732374,682.10245193695
3513,Probolinggo,Kabupaten,1160.0,0.37,2.82,673.0,97.3,2022,203.23,3.25,69.56,672.0,677.01,674.505
3513,Probolinggo,Kabupaten,1176.9,0.77,2.83,682.0,97.5,2023,205.02,3.24,70.36,679.72,684.0,681.86
3513,Probolinggo,Kabupaten,1185.2,0.75,2.83,687.0,97.4,2024,197.11,3.0,70.85,690.31,690.31,690.31
3513,Probolinggo,Kabupaten,1193272.0,0.73,2.84,692.0,97.4,2025,196.26,2.92,71.65,690.31,0.0,690.31
3514,Pasuruan,Kabupaten,1617.0,0.83,2.93,1097.0,98.2,2018,152.48,5.94,67.41,1074.71,1075.24,1074.975
3514,Pasuruan,Kabupaten,1627.0,0.81,4.1,1104.0,98.2,2019,141.09,5.22,68.29,1078.64,1080.09,1079.365
3514,Pasuruan,Kabupaten,1606.0,0.58,3.95,1090.0,100.2,2020,151.43,6.24,70.2,1084.46,1087.88,1086.17
3514,Pasuruan,Kabupaten,1611.8,0.48,3.94,1093.0,100.1,2021,159.78,6.03,70.54,1088.013731157,1088.884139971,1088.4489355639998
3514,Pasuruan,Kabupaten,1619.0,0.46,3.93,1084.0,100.1,2022,148.62,5.91,71.29,1077.0,1083.48,1080.24
3514,Pasuruan,Kabupaten,1644.5,0.86,3.96,1101.0,100.1,2023,154.09,5.48,71.91,1086.63,1094.0,1090.315
3514,Pasuruan,Kabupaten,1657.2,0.84,3.96,1110.0,100.1,2024,144.84,5.02,72.36,1098.74,1098.74,1098.74
3514,Pasuruan,Kabupaten,1669400.0,0.82,3.97,1118.0,100.0,2025,138.43,4.22,73.02,1098.74,0.0,1098.74
3515,Sidoarjo,Kabupaten,2217.0,1.65,9.33,3495.0,101.0,2018,125.75,4.62,79.5,2945.52,2967.36,2956.44
3515,Sidoarjo,Kabupaten,2249.0,1.63,5.67,3546.0,101.0,2019,119.29,4.62,80.05,3016.83,3036.96,3026.895
3515,Sidoarjo,Kabupaten,2082.8,0.68,5.12,3283.0,101.4,2020,127.05,10.97,80.65,3049.13,3058.19,3053.66
3515,Sidoarjo,Kabupaten,2091.9,0.58,5.12,3298.0,101.4,2021,137.15,10.87,81.01,3076.5834357956,3077.9107159747,3077.24707588515
3515,Sidoarjo,Kabupaten,2103.4,0.56,5.11,2905.0,101.3,2022,125.69,8.8,81.37,2691.0,2718.45,2704.725
3515,Sidoarjo,Kabupaten,2148.7,1.14,5.17,2968.0,101.1,2023,119.15,8.05,81.88,2738.71,2758.0,2748.355
3515,Sidoarjo,Kabupaten,2171.5,1.12,5.19,2999.0,101.0,2024,109.39,6.49,82.67,2766.19,2766.19,2766.19
3515,Sidoarjo,Kabupaten,2193692.0,1.1,5.21,3030.0,100.8,2025,107.57,5.75,83.35,2766.19,0.0,2766.19
3516,Mojokerto,Kabupaten,1109.0,0.97,4.12,1545.0,99.8,2018,111.55,4.21,72.64,1548.0,1560.6,1554.3
3516,Mojokerto,Kabupaten,1118.0,0.95,2.82,1557.0,99.8,2019,108.81,3.61,73.53,1579.74,1585.93,1582.835
3516,Mojokerto,Kabupaten,1119.2,0.85,2.75,1559.0,101.2,2020,118.8,5.75,74.58,1592.31,1596.74,1594.525
3516,Mojokerto,Kabupaten,1125.5,0.75,2.75,1568.0,101.2,2021,120.54,5.54,74.9,1570.0834459412,1570.9123330036,1570.4978894724
3516,Mojokerto,Kabupaten,1133.6,0.73,2.75,1151.0,101.1,2022,111.03,4.83,75.61,1146.0,1152.62,1149.31
3516,Mojokerto,Kabupaten,1145.5,0.85,2.76,1163.0,101.1,2023,112.86,4.67,76.23,1157.23,1165.0,1161.115
3516,Mojokerto,Kabupaten,1154.3,0.83,2.76,1172.0,101.1,2024,108.72,3.87,76.69,1170.9,1170.9,1170.9
3516,Mojokerto,Kabupaten,1162696.0,0.81,2.76,1181.0,101.0,2025,102.67,3.49,77.46,1170.9,0.0,1170.9
3517,Jombang,Kabupaten,1259.0,0.57,3.01,1129.0,99.0,2018,120.19,4.56,71.86,1170.8,1188.35,1179.5749999999998
3517,Jombang,Kabupaten,1264.0,0.55,3.18,1133.0,99.0,2019,116.44,4.28,72.85,1201.22,1204.58,1202.9
3517,Jombang,Kabupaten,1318.1,0.89,3.24,1182.0,101.7,2020,125.94,7.48,73.63,1209.41,1210.76,1210.085
3517,Jombang,Kabupaten,1325.9,0.8,3.24,1189.0,101.7,2021,127.3,7.09,74.1,1211.0977589253,1211.9380498435,1211.5179043844
3517,Jombang,Kabupaten,1336.0,0.77,3.25,1204.0,101.6,2022,115.48,5.47,74.66,1219.0,1224.8,1221.9
3517,Jombang,Kabupaten,1351.3,0.91,3.25,1218.0,101.6,2023,117.36,4.66,75.16,1229.7,1235.0,1232.35
3517,Jombang,Kabupaten,1362.7,0.89,3.26,1228.0,101.6,2024,110.57,3.75,75.67,1238.54,1238.54,1238.54
3517,Jombang,Kabupaten,1373793.0,0.88,3.26,1238.0,101.5,2025,107.82,3.28,76.37,1238.54,0.0,1238.54
3518,Nganjuk,Kabupaten,1052.0,0.42,2.29,859.0,98.9,2018,127.28,2.6,71.23,905.96,908.43,907.1949999999999
3518,Nganjuk,Kabupaten,1055.0,0.4,2.66,861.0,98.9,2019,118.51,3.16,71.71,914.44,917.67,916.0550000000001
3518,Nganjuk,Kabupaten,1103.9,0.8,2.71,902.0,101.2,2020,122.73,4.8,72.78,921.35,922.14,921.745
3518,Nganjuk,Kabupaten,1109.7,0.7,2.71,906.0,101.2,2021,125.53,4.98,73.03,925.9187257505,926.2070655503,926.0628956503999
3518,Nganjuk,Kabupaten,1117.0,0.68,2.71,867.0,101.1,2022,113.63,4.74,73.95,880.0,880.54,880.27
3518,Nganjuk,Kabupaten,1124.7,0.68,2.71,872.0,101.1,2023,115.86,4.68,74.7,884.06,888.0,886.03
3518,Nganjuk,Kabupaten,1131.8,0.67,2.71,878.0,101.0,2024,108.37,3.87,75.24,891.04,891.04,891.04
3518,Nganjuk,Kabupaten,1138604.0,0.65,2.71,883.0,100.9,2025,107.3,3.84,75.89,891.04,0.0,891.04
3519,Madiun,Kabupaten,681.0,0.35,1.75,656.0,97.5,2018,77.75,3.71,71.01,713.6,713.98,713.79
3519,Madiun,Kabupaten,683.0,0.33,1.72,658.0,97.5,2019,71.91,3.52,71.69,718.97,721.94,720.455
3519,Madiun,Kabupaten,744.4,1.14,1.83,717.0,98.3,2020,78.3,4.8,72.94,724.82,726.85,725.835
3519,Madiun,Kabupaten,750.1,1.04,1.84,723.0,98.2,2021,81.61,4.99,73.07,726.9444283814,727.1304381349,727.03743325815
3519,Madiun,Kabupaten,757.7,1.02,1.84,6668.0,98.2,2022,74.07,5.84,73.51,678.0,678.62,678.31
3519,Madiun,Kabupaten,754.5,0.49,1.82,678.0,98.0,2023,75.87,5.14,74.02,681.12,671.0,676.06
3519,Madiun,Kabupaten,757.8,0.48,1.81,681.0,97.9,2024,73.15,4.34,74.81,663.8,663.8,663.8
3519,Madiun,Kabupaten,760948.0,0.47,1.81,683.0,97.8,2025,71.59,3.22,75.47,663.8,0.0,663.8
3520,Magetan,Kabupaten,629.0,0.17,2.44,913.0,95.0,2018,64.86,3.82,72.91,1003.75,1004.5,1004.125
3520,Magetan,Kabupaten,629.0,0.15,1.58,913.0,95.0,2019,60.43,2.98,73.49,1010.95,1014.86,1012.905
3520,Magetan,Kabupaten,670.8,0.76,1.65,974.0,96.8,2020,65.09,3.74,74.85,1018.91,1000.54,1009.7249999999999
3520,Magetan,Kabupaten,674.1,0.66,1.65,979.0,96.8,2021,67.75,3.86,75.08,1000.767957726,1001.0176528657,1000.8928052958499
3520,Magetan,Kabupaten,678.3,0.64,1.65,960.0,96.8,2022,62.65,4.33,75.76,977.0,977.08,977.04
3520,Magetan,Kabupaten,681.7,0.59,1.64,965.0,96.8,2023,62.49,4.16,76.3,979.02,980.0,979.51
3520,Magetan,Kabupaten,685.5,0.58,1.64,970.0,96.8,2024,59.51,3.28,76.77,979.98,979.98,979.98
3520,Magetan,Kabupaten,689209.0,0.57,1.64,976.0,96.7,2025,58.38,3.26,77.58,979.98,0.0,979.98
3521,Ngawi,Kabupaten,830.0,0.19,1.71,640.0,95.7,2018,123.09,3.75,69.91,698.71,699.8,699.255
3521,Ngawi,Kabupaten,830.0,0.17,2.09,641.0,95.6,2019,119.43,3.6,70.41,702.2,704.91,703.5550000000001
3521,Ngawi,Kabupaten,870.1,0.6,2.14,671.0,98.6,2020,128.19,5.44,71.49,707.21,706.82,707.0150000000001
3521,Ngawi,Kabupaten,873.3,0.5,2.14,674.0,98.6,2021,130.81,4.25,71.97,691.961295699,692.111760984,692.0365283414999
3521,Ngawi,Kabupaten,877.4,0.48,2.13,629.0,98.5,2022,119.02,2.48,72.62,643.0,643.6,643.3
3521,Ngawi,Kabupaten,880.7,0.44,2.12,631.0,98.3,2023,121.3,2.41,73.28,645.97,648.0,646.985
3521,Ngawi,Kabupaten,884.1,0.43,2.11,633.0,98.1,2024,116.47,2.4,73.91,648.85,648.85,648.85
3521,Ngawi,Kabupaten,887172.0,0.41,2.11,636.0,98.0,2025,114.9,2.26,74.43,648.85,0.0,648.85
3522,Bojonegoro,Kabupaten,1247.0,0.37,1.51,567.0,97.8,2018,163.94,4.11,67.85,602.49,602.94,602.715
3522,Bojonegoro,Kabupaten,1250.0,0.36,3.15,568.0,97.8,2019,154.64,3.56,68.75,605.41,607.53,606.47
3522,Bojonegoro,Kabupaten,1301.6,0.71,3.2,592.0,100.9,2020,161.1,4.92,70.18,609.96,611.09,610.5250000000001
3522,Bojonegoro,Kabupaten,1307.6,0.61,3.2,595.0,100.8,2021,166.52,4.82,70.7,611.1975222736,610.5330659135,610.86529409355
3522,Bojonegoro,Kabupaten,1315.1,0.59,3.2,569.0,100.8,2022,153.4,4.69,71.15,581.0,583.79,582.395
3522,Bojonegoro,Kabupaten,1319.6,0.5,3.18,571.0,100.7,2023,153.25,4.63,71.8,586.37,589.0,587.685
3522,Bojonegoro,Kabupaten,1325.3,0.48,3.17,573.0,100.6,2024,147.33,4.42,72.75,590.28,590.28,590.28
3522,Bojonegoro,Kabupaten,1330516.0,0.46,3.16,575.0,100.5,2025,144.9,3.9,73.74,590.28,0.0,590.28
3523,Tuban,Kabupaten,1168.0,0.54,1.7,637.0,97.7,2018,178.64,2.76,67.43,652.54,653.56,653.05
3523,Tuban,Kabupaten,1173.0,0.52,2.95,639.0,97.6,2019,170.8,2.7,68.37,659.66,660.5,660.0799999999999
3523,Tuban,Kabupaten,1198.0,0.67,2.95,653.0,99.8,2020,187.13,4.81,69.6,663.14,664.95,664.0450000000001
3523,Tuban,Kabupaten,1203.1,0.57,2.94,656.0,99.7,2021,192.58,4.68,70.1,666.9340021263,667.0217812066,666.97789166645
3523,Tuban,Kabupaten,1209.5,0.55,2.94,613.0,99.7,2022,178.05,4.54,70.79,621.0,630.86,625.9300000000001
3523,Tuban,Kabupaten,1218.6,0.62,2.93,617.0,99.7,2023,177.25,4.4,71.4,633.2,638.0,635.6
3523,Tuban,Kabupaten,1225.2,0.6,2.93,621.0,99.7,2024,171.24,4.28,72.31,639.32,639.32,639.32
3523,Tuban,Kabupaten,1231374.0,0.58,2.93,624.0,99.6,2025,168.86,3.44,73.15,639.32,0.0,639.32
3524,Lamongan,Kabupaten,1189.0,0.1,1.78,667.0,94.5,2018,164.0,3.1,71.97,763.34,763.9,763.62
3524,Lamongan,Kabupaten,1189.0,0.09,3.0,667.0,94.5,2019,157.11,3.89,72.57,768.27,770.68,769.4749999999999
3524,Lamongan,Kabupaten,1344.2,1.28,3.31,754.0,100.2,2020,164.68,5.13,73.44,772.79,774.18,773.4849999999999
3524,Lamongan,Kabupaten,1356.0,1.18,3.32,761.0,100.1,2021,166.82,4.9,73.97,774.2380965742,774.4704132881,774.35425493115
3524,Lamongan,Kabupaten,1371.5,1.16,3.33,783.0,100.1,2022,151.08,6.05,74.83,788.0,788.33,788.165
3524,Lamongan,Kabupaten,1369.5,0.68,3.3,781.0,100.1,2023,149.94,5.46,75.29,789.19,791.0,790.095
3524,Lamongan,Kabupaten,1378.2,0.67,3.3,786.0,100.0,2024,146.98,4.34,75.9,779.03,779.03,779.03
3524,Lamongan,Kabupaten,1386390.0,0.65,3.29,791.0,99.9,2025,145.45,4.29,76.81,779.03,0.0,779.03
3525,Gresik,Kabupaten,1299.0,1.23,2.91,1090.0,98.4,2018,154.02,5.71,75.28,1061.41,1062.13,1061.77
3525,Gresik,Kabupaten,1313.0,1.21,3.31,1102.0,98.4,2019,148.61,5.4,76.1,1067.63,1070.36,1068.995
3525,Gresik,Kabupaten,1311.2,1.05,3.22,1101.0,101.4,2020,164.05,8.21,76.59,1074.65,1077.71,1076.18
3525,Gresik,Kabupaten,1320.6,0.95,3.23,1109.0,101.4,2021,166.35,8.0,76.98,1077.8266526758,1077.9920251836,1077.9093389297
3525,Gresik,Kabupaten,1332.7,0.93,3.24,1061.0,101.4,2022,149.64,7.84,77.62,1025.0,1030.59,1027.795
3525,Gresik,Kabupaten,1350.4,1.08,3.25,1075.0,101.4,2023,149.75,6.82,78.44,1032.1,1038.0,1035.05
3525,Gresik,Kabupaten,1364.0,1.06,3.26,1086.0,101.4,2024,142.39,6.45,78.93,1042.03,1042.03,1042.03
3525,Gresik,Kabupaten,1377287.0,1.04,3.27,1096.0,101.3,2025,138.55,5.47,79.69,1042.03,0.0,1042.03
3526,Bangkalan,Kabupaten,979.0,0.95,2.61,978.0,91.5,2018,191.33,5.09,62.87,1065.59,1065.36,1065.475
3526,Bangkalan,Kabupaten,987.0,0.93,2.49,985.0,91.4,2019,186.11,5.62,63.79,1071.21,1074.79,1073.0
3526,Bangkalan,Kabupaten,1060.4,1.53,2.61,1059.0,97.2,2020,204.0,8.77,65.17,1078.05,1081.1,1079.5749999999998
3526,Bangkalan,Kabupaten,1071.7,1.43,2.62,1070.0,97.2,2021,215.97,8.07,65.42,1081.2020690206,1081.6344463972,1081.4182577089
3526,Bangkalan,Kabupaten,1086.6,1.41,2.64,835.0,97.2,2022,196.11,8.05,66.11,833.0,798.82,815.9100000000001
3526,Bangkalan,Kabupaten,1091.8,1.07,2.63,839.0,97.6,2023,196.66,6.18,66.82,801.57,805.0,803.2850000000001
3526,Bangkalan,Kabupaten,1102.5,1.04,2.64,847.0,97.7,2024,190.94,5.35,67.33,787.52,787.52,787.52
3526,Bangkalan,Kabupaten,1112956.0,1.02,2.64,855.0,97.7,2025,187.9,5.31,68.15,787.52,0.0,787.52
3527,Sampang,Kabupaten,969.0,1.23,2.1,786.0,95.1,2018,204.82,2.38,61.0,692.5,692.96,692.73
3527,Sampang,Kabupaten,979.0,1.21,2.47,794.0,95.1,2019,202.21,2.71,61.94,695.92,697.97,696.9449999999999
3527,Sampang,Kabupaten,969.7,0.97,2.38,786.0,98.7,2020,224.74,3.35,64.75,700.78,715.48,708.13
3527,Sampang,Kabupaten,976.0,0.87,2.39,792.0,98.7,2021,237.23,3.45,64.86,731.9184481137,752.2885781944,742.10351315405
3527,Sampang,Kabupaten,984.2,0.85,2.39,801.0,98.6,2022,217.97,3.11,65.44,774.0,792.15,783.075
3527,Sampang,Kabupaten,1004.5,1.29,2.42,818.0,98.9,2023,221.71,2.72,66.19,799.09,805.0,802.0450000000001
3527,Sampang,Kabupaten,1016.3,1.26,2.43,827.0,98.8,2024,214.32,2.5,66.72,820.09,820.09,820.09
3527,Sampang,Kabupaten,1027538.0,1.23,2.44,837.0,98.8,2025,213.98,2.44,67.23,820.09,0.0,820.09
3528,Pamekasan,Kabupaten,871.0,1.13,2.93,1099.0,94.6,2018,125.76,2.88,65.41,1034.82,1036.23,1035.525
3528,Pamekasan,Kabupaten,880.0,1.11,2.22,1111.0,94.6,2019,122.43,2.26,65.94,1040.6,1043.88,1042.24
3528,Pamekasan,Kabupaten,850.1,0.64,2.09,1073.0,96.3,2020,129.41,3.49,68.65,1048.23,1050.52,1049.375
3528,Pamekasan,Kabupaten,853.5,0.54,2.09,1077.0,96.2,2021,137.12,3.1,68.78,1061.2819347672,1066.73482783,1064.0083812986
3528,Pamekasan,Kabupaten,857.8,0.52,2.08,1079.0,96.2,2022,126.02,1.4,69.35,1078.0,1093.77,1085.885
3528,Pamekasan,Kabupaten,875.8,1.09,2.11,1101.0,96.7,2023,126.43,1.74,70.32,1102.56,1110.0,1106.28
3528,Pamekasan,Kabupaten,884.7,1.07,2.12,1113.0,96.8,2024,123.46,1.64,70.85,1119.03,1119.03,1119.03
3528,Pamekasan,Kabupaten,893327.0,1.05,2.12,1123.0,96.9,2025,118.52,1.33,71.64,1119.03,0.0,1119.03
3529,Sumenep,Kabupaten,1085.0,0.5,1.45,543.0,90.8,2018,218.6,1.75,65.25,565.33,565.68,565.505
3529,Sumenep,Kabupaten,1089.0,0.48,2.74,545.0,90.7,2019,211.98,2.08,66.22,567.29,567.48,567.385
3529,Sumenep,Kabupaten,1124.4,0.74,2.77,563.0,93.3,2020,220.23,2.84,67.15,569.18,569.5,569.3399999999999
3529,Sumenep,Kabupaten,1129.8,0.64,2.76,565.0,93.3,2021,224.73,2.31,67.74,567.789486325,567.819508241,567.804497283
3529,Sumenep,Kabupaten,1136.6,0.62,2.76,545.0,93.2,2022,206.2,1.36,68.49,545.0,545.05,545.025
3529,Sumenep,Kabupaten,1146.6,0.71,2.76,550.0,94.0,2023,206.1,1.71,69.13,546.51,548.0,547.255
3529,Sumenep,Kabupaten,1153.2,0.68,2.76,553.0,94.1,2024,196.42,1.69,69.78,547.48,547.48,547.48
3529,Sumenep,Kabupaten,1159397.0,0.65,2.75,556.0,94.1,2025,188.48,1.64,70.54,547.48,0.0,547.48
3571,Kota Kediri,Kota,286.0,0.77,0.72,4511.0,99.3,2018,21.9,3.56,77.58,4602.6,4605.82,4604.21
3571,Kota Kediri,Kota,287.0,0.75,0.72,4533.0,99.5,2019,20.54,4.15,78.08,4627.27,4652.21,4639.74
3571,Kota Kediri,Kota,286.8,0.64,0.71,4524.0,100.3,2020,22.19,6.21,78.78,4670.73,4609.81,4640.27
3571,Kota Kediri,Kota,288.0,0.54,0.7,4542.0,100.3,2021,22.55,6.37,79.15,4611.403785489,4615.094637224,4613.2492113565
3571,Kota Kediri,Kota,289.4,0.52,0.7,4305.0,100.2,2022,21.15,4.38,80.12,4362.0,4383.34,4372.67
3571,Kota Kediri,Kota,295.2,2.94,0.71,4391.0,100.5,2023,21.03,4.06,80.97,4414.58,4445.0,4429.79
3571,Kota Kediri,Kota,298.2,1.05,0.71,4436.0,100.6,2024,19.24,3.91,81.88,4469.08,4469.08,4469.08
3571,Kota Kediri,Kota,301202.0,1.04,0.72,4480.0,100.6,2025,17.93,3.76,82.71,4469.08,0.0,4469.08
3572,Kota Blitar,Kota,141.0,0.82,0.35,4329.0,98.3,2018,10.47,3.98,77.58,4787.04,4812.19,4799.615
3572,Kota Blitar,Kota,142.0,0.8,0.36,4356.0,98.4,2019,10.1,4.54,78.56,4834.66,4847.41,4841.035
3572,Kota Blitar,Kota,149.1,1.19,0.37,4579.0,99.0,2020,11.1,6.68,78.88,4861.81,4860.7,4861.255
3572,Kota Blitar,Kota,150.4,1.09,0.37,4617.0,99.0,2021,11.33,6.61,79.27,4854.8664415106,4858.5815167332,4856.7239791219
3572,Kota Blitar,Kota,152.0,1.07,0.37,4577.0,99.0,2022,10.65,5.39,80.15,4772.0,4775.84,4773.92
3572,Kota Blitar,Kota,153.4,2.86,0.37,4619.0,98.6,2023,10.61,5.24,80.78,4801.39,4812.0,4806.695
3572,Kota Blitar,Kota,154.9,1.02,0.37,4664.0,98.5,2024,9.86,5.11,81.44,4835.51,4835.51,4835.51
3572,Kota Blitar,Kota,156330.0,0.99,0.37,4709.0,98.3,2025,9.69,4.28,82.03,4835.51,0.0,4835.51
3573,Kota Malang,Kota,866.0,0.68,2.19,5961.0,97.3,2018,35.49,6.65,80.89,5827.66,5832.72,5830.1900000000005
3573,Kota Malang,Kota,871.0,0.66,2.19,5993.0,97.3,2019,35.39,5.88,81.32,5896.34,5922.71,5909.525
3573,Kota Malang,Kota,843.8,0.27,2.07,5808.0,99.1,2020,38.77,9.61,82.19,5945.65,5962.64,5954.145
3573,Kota Malang,Kota,844.9,0.18,2.07,5816.0,99.0,2021,40.62,9.65,82.77,5963.3535242291,5964.1863986784,5963.7699614537505
3573,Kota Malang,Kota,846.1,0.16,2.06,7617.0,99.0,2022,38.56,7.66,83.38,7806.0,7842.3,7824.15
3573,Kota Malang,Kota,865.3,2.55,2.08,7790.0,98.9,2023,37.78,6.8,84.0,7874.14,7930.0,7902.07
3573,Kota Malang,Kota,872.7,0.9,2.09,7857.0,98.8,2024,34.84,6.1,84.68,7969.67,7969.67,7969.67
3573,Kota Malang,Kota,879873.0,0.88,2.09,7921.0,98.7,2025,34.41,5.69,85.55,7969.67,0.0,7969.67
3574,Kota Probolinggo,Kota,235.0,1.0,0.58,4147.0,97.0,2018,16.9,3.56,72.53,4179.87,4204.16,4192.014999999999
3574,Kota Probolinggo,Kota,237.0,0.98,0.6,4186.0,97.0,2019,16.37,4.25,73.27,4236.47,4245.44,4240.955
3574,Kota Probolinggo,Kota,239.6,0.96,0.59,4229.0,98.4,2020,17.72,6.7,74.81,4262.31,4272.05,4267.18
3574,Kota Probolinggo,Kota,241.2,0.86,0.59,4256.0,98.3,2021,17.91,6.55,75.2,4274.67796012,4277.7307217223,4276.204340921149
3574,Kota Probolinggo,Kota,243.2,0.84,0.59,4448.0,98.3,2022,16.16,4.57,76.08,4442.0,4445.65,4443.825
3574,Kota Probolinggo,Kota,247.0,3.08,0.59,4517.0,98.5,2023,15.86,4.53,76.93,4460.26,4473.0,4466.63
3574,Kota Probolinggo,Kota,249.5,1.09,0.6,4564.0,98.6,2024,15.24,4.44,77.79,4445.03,4445.03,4445.03
3574,Kota Probolinggo,Kota,252085.0,1.07,0.6,4610.0,98.6,2025,14.11,4.93,78.5,4445.03,0.0,4445.03
3575,Kota Pasuruan,Kota,199.0,0.83,0.5,5639.0,98.3,2018,13.45,4.5,74.78,5897.87,5926.3,5912.085
3575,Kota Pasuruan,Kota,200.0,0.81,0.5,5679.0,98.4,2019,12.92,4.89,75.25,5965.06,5979.26,5972.16
3575,Kota Pasuruan,Kota,208.0,1.07,0.51,5894.0,100.1,2020,13.4,6.33,76.47,6003.09,5957.69,5980.389999999999
3575,Kota Pasuruan,Kota,209.5,0.98,0.51,5937.0,100.0,2021,13.97,6.23,76.83,5960.3570416549,5967.6395579484,5963.998299801649
3575,Kota Pasuruan,Kota,211.5,0.96,0.51,5424.0,100.0,2022,13.02,6.18,77.71,5416.0,5419.79,5417.895
3575,Kota Pasuruan,Kota,216.4,4.04,0.52,5549.0,100.1,2023,13.56,5.64,78.3,5446.23,5448.0,5447.115
3575,Kota Pasuruan,Kota,219.4,1.43,0.52,5626.0,100.1,2024,13.07,4.63,78.9,5466.62,5466.62,5466.62
3575,Kota Pasuruan,Kota,222334.0,1.41,0.53,5701.0,100.0,2025,12.83,4.59,79.52,5466.62,0.0,5466.62
3576,Kota Mojokerto,Kota,128.0,0.81,0.32,7772.0,96.9,2018,7.04,2.44,77.14,8711.84,8732.6,8722.220000000001
3576,Kota Mojokerto,Kota,129.0,0.78,0.32,7833.0,96.9,2019,6.63,2.63,77.96,8417.43,8436.13,8426.779999999999
3576,Kota Mojokerto,Kota,132.4,0.94,0.33,6553.0,98.4,2020,8.09,6.74,78.95,8469.52,8486.58,8478.05
3576,Kota Mojokerto,Kota,133.3,0.84,0.33,6594.0,98.4,2021,8.37,6.87,79.34,8497.9356405586,8510.321797207,8504.1287188828
3576,Kota Mojokerto,Kota,134.4,0.82,0.33,6645.0,98.3,2022,7.88,5.05,80.19,412.0,6959.94,3685.97
3576,Kota Mojokerto,Kota,136.1,2.8,0.33,6732.0,98.3,2023,7.65,4.73,80.9,6989.91,7013.0,7001.455
3576,Kota Mojokerto,Kota,137.4,0.99,0.33,6796.0,98.2,2024,7.43,3.76,81.76,7004.6,7004.6,7004.6
3576,Kota Mojokerto,Kota,138613.0,0.96,0.33,6855.0,98.1,2025,6.77,4.66,82.35,7004.6,0.0,7004.6
3577,Kota Madiun,Kota,177.0,0.41,0.46,5218.0,93.7,2018,7.92,3.8,80.33,6068.51,6059.58,6064.045
3577,Kota Madiun,Kota,177.0,0.38,0.45,5218.0,93.7,2019,7.69,3.96,80.88,6090.74,6097.61,6094.174999999999
3577,Kota Madiun,Kota,195.2,1.29,0.48,5754.0,95.7,2020,8.83,8.32,81.93,6115.89,6007.28,6061.585
3577,Kota Madiun,Kota,196.9,1.19,0.48,5805.0,95.7,2021,9.06,8.15,82.27,5932.8714622642,5939.0330188679,5935.95224056605
3577,Kota Madiun,Kota,199.2,1.17,0.48,5514.0,95.6,2022,8.49,6.39,83.02,5580.0,5584.28,5582.139999999999
3577,Kota Madiun,Kota,200.0,2.45,0.48,5536.0,95.9,2023,8.46,5.85,83.71,5590.7,5607.0,5598.85
3577,Kota Madiun,Kota,201.8,0.89,0.48,5585.0,95.9,2024,7.84,4.3,84.51,5586.88,5586.88,5586.88
3577,Kota Madiun,Kota,203552.0,0.89,0.48,5634.0,95.9,2025,6.96,4.29,85.12,5586.88,0.0,5586.88
3578,Kota Surabaya,Kota,2886.0,0.53,7.38,8233.0,97.6,2018,140.81,6.01,81.74,8314.0,8318.34,8316.17
3578,Kota Surabaya,Kota,2896.0,0.51,7.3,8262.0,97.7,2019,130.55,5.76,82.22,8392.71,8416.24,8404.474999999999
3578,Kota Surabaya,Kota,2874.3,0.37,7.07,8200.0,98.3,2020,145.67,9.79,82.76,8441.5,8474.72,8458.11
3578,Kota Surabaya,Kota,2880.3,0.28,7.05,8217.0,98.3,2021,152.49,9.68,82.94,8475.0470702345,8475.3580190563,8475.202544645399
3578,Kota Surabaya,Kota,2887.2,0.26,7.02,8595.0,98.3,2022,138.21,7.62,83.32,8867.0,8911.55,8889.275
3578,Kota Surabaya,Kota,2911.4,1.29,7.01,8667.0,98.1,2023,136.37,6.76,83.99,8930.66,8958.0,8944.33
3578,Kota Surabaya,Kota,2922.0,0.44,6.99,8698.0,98.0,2024,116.62,4.91,84.69,8982.17,8982.17,8982.17
3578,Kota Surabaya,Kota,2931611.0,0.42,6.97,8727.0,97.9,2025,105.09,4.84,85.65,8982.17,0.0,8982.17
3579,Kota Batu,Kota,206.0,0.98,0.51,1507.0,101.2,2018,7.98,3.07,75.04,1522.15,1535.27,1528.71
3579,Kota Batu,Kota,207.0,0.96,0.52,1517.0,101.3,2019,7.89,2.42,75.88,1547.29,1552.55,1549.92
3579,Kota Batu,Kota,213.0,1.1,0.52,1558.0,101.5,2020,8.12,5.93,76.82,1558.73,1563.6,1561.165
3579,Kota Batu,Kota,214.7,1.01,0.53,1570.0,101.4,2021,8.63,6.57,77.21,1574.1407049876,1575.2084247477,1574.6745648676501
3579,Kota Batu,Kota,216.7,0.99,0.53,1116.0,101.4,2022,8.05,8.43,78.13,1113.0,1122.06,1117.53
3579,Kota Batu,Kota,220.2,3.38,0.53,1134.0,101.3,2023,7.1,4.52,79.07,1130.66,1142.0,1136.33
3579,Kota Batu,Kota,222.7,1.19,0.53,1147.0,101.3,2024,6.59,3.63,79.69,1151.57,1151.57,1151.57
3579,Kota Batu,Kota,225120.0,1.17,0.53,1159.0,101.2,2025,6.22,3.53,80.35,1151.57,0.0,1151.57
