kabupaten/kota,kelompok_umur,laki-laki,perempuan,total
Kabupaten PACITAN,0-4,18019,15577,33596
Kabupaten PACITAN,5-9,14559,15679,30238
Kabupaten PACITAN,10-14,16996,16753,33749
Kabupaten PACITAN,15-19,18438,16237,34675
Kabupaten PACITAN,20-24,16046,16526,32572
Kabupaten PACITAN,25-29,15015,15581,30596
Kabupaten PACITAN,30-34,17611,19809,37420
Kabupaten PACITAN,35-39,15129,14796,29925
Kabupaten PACITAN,40-44,20114,20038,40152
Kabupaten PACITAN,45-49,21653,23097,44750
Kabupaten PACITAN,50-54,20363,21096,41459
Kabupaten PACITAN,55-59,19870,22156,42026
Kabupaten PACITAN,60-64,18839,19609,38448
Kabupaten PACITAN,65-69,14175,16939,31114
Kabupaten PACITAN,70-74,13282,12374,25656
Kabupaten PACITAN,75+,12061,19328,31389
Kabupaten PONOROGO,0-4,22966,26150,49116
Kabupaten PONOROGO,5-9,28446,23389,51835
Kabupaten PONOROGO,10-14,28144,24369,52513
Kabupaten PONOROGO,15-19,31100,27985,59085
Kabupaten PONOROGO,20-24,25444,21203,46647
Kabupaten PONOROGO,25-29,26152,25773,51925
Kabupaten PONOROGO,30-34,29061,25910,54971
Kabupaten PONOROGO,35-39,28017,29474,57491
Kabupaten PONOROGO,40-44,32302,29936,62238
Kabupaten PONOROGO,45-49,32927,35622,68549
Kabupaten PONOROGO,50-54,32670,36955,69625
Kabupaten PONOROGO,55-59,32845,32183,65028
Kabupaten PONOROGO,60-64,29896,31337,61233
Kabupaten PONOROGO,65-69,23081,22920,46001
Kabupaten PONOROGO,70-74,17950,18692,36642
Kabupaten PONOROGO,75+,17772,27397,45169
Kabupaten TRENGGALEK,0-4,22565,22898,45463
Kabupaten TRENGGALEK,5-9,20389,19282,39671
Kabupaten TRENGGALEK,10-14,21662,20460,42122
Kabupaten TRENGGALEK,15-19,24562,23611,48173
Kabupaten TRENGGALEK,20-24,21856,22200,44056
Kabupaten TRENGGALEK,25-29,21217,21346,42563
Kabupaten TRENGGALEK,30-34,22861,25901,48762
Kabupaten TRENGGALEK,35-39,23474,20806,44280
Kabupaten TRENGGALEK,40-44,27483,25327,52810
Kabupaten TRENGGALEK,45-49,26409,28780,55189
Kabupaten TRENGGALEK,50-54,25871,25890,51761
Kabupaten TRENGGALEK,55-59,23807,26140,49947
Kabupaten TRENGGALEK,60-64,20467,20844,41311
Kabupaten TRENGGALEK,65-69,18283,18381,36664
Kabupaten TRENGGALEK,70-74,12651,11513,24164
Kabupaten TRENGGALEK,75+,14511,19269,33780
Kabupaten TULUNGAGUNG,0-4,35766,33526,69292
Kabupaten TULUNGAGUNG,5-9,36965,37343,74308
Kabupaten TULUNGAGUNG,10-14,31722,32712,64434
Kabupaten TULUNGAGUNG,15-19,36711,34704,71415
Kabupaten TULUNGAGUNG,20-24,30883,34823,65706
Kabupaten TULUNGAGUNG,25-29,33461,35102,68563
Kabupaten TULUNGAGUNG,30-34,35728,37157,72885
Kabupaten TULUNGAGUNG,35-39,35245,40237,75482
Kabupaten TULUNGAGUNG,40-44,36307,39964,76271
Kabupaten TULUNGAGUNG,45-49,40487,41141,81628
Kabupaten TULUNGAGUNG,50-54,33189,40754,73943
Kabupaten TULUNGAGUNG,55-59,35656,33404,69060
Kabupaten TULUNGAGUNG,60-64,31557,31152,62709
Kabupaten TULUNGAGUNG,65-69,21729,23094,44823
Kabupaten TULUNGAGUNG,70-74,16453,18963,35416
Kabupaten TULUNGAGUNG,75+,20469,24898,45367
Kabupaten BLITAR,0-4,39827,44076,83903
Kabupaten BLITAR,5-9,39900,33558,73458
Kabupaten BLITAR,10-14,39731,35973,75704
Kabupaten BLITAR,15-19,36328,37221,73549
Kabupaten BLITAR,20-24,33401,36182,69583
Kabupaten BLITAR,25-29,39508,33806,73314
Kabupaten BLITAR,30-34,41847,38075,79922
Kabupaten BLITAR,35-39,36944,39250,76194
Kabupaten BLITAR,40-44,41627,43404,85031
Kabupaten BLITAR,45-49,44635,42893,87528
Kabupaten BLITAR,50-54,47377,45914,93291
Kabupaten BLITAR,55-59,34819,39107,73926
Kabupaten BLITAR,60-64,36235,35100,71335
Kabupaten BLITAR,65-69,26622,28650,55272
Kabupaten BLITAR,70-74,22580,20241,42821
Kabupaten BLITAR,75+,24906,30910,55816
Kabupaten KEDIRI,0-4,60086,59056,119142
Kabupaten KEDIRI,5-9,55602,54046,109648
Kabupaten KEDIRI,10-14,57696,51258,108954
Kabupaten KEDIRI,15-19,51915,51603,103518
Kabupaten KEDIRI,20-24,52277,53607,105884
Kabupaten KEDIRI,25-29,59506,52107,111613
Kabupaten KEDIRI,30-34,56158,60777,116935
Kabupaten KEDIRI,35-39,59729,50104,109833
Kabupaten KEDIRI,40-44,57674,63498,121172
Kabupaten KEDIRI,45-49,61342,55724,117066
Kabupaten KEDIRI,50-54,57996,57461,115457
Kabupaten KEDIRI,55-59,44317,49005,93322
Kabupaten KEDIRI,60-64,42538,45363,87901
Kabupaten KEDIRI,65-69,33986,30716,64702
Kabupaten KEDIRI,70-74,19701,27053,46754
Kabupaten KEDIRI,75+,28603,32195,60798
Kabupaten MALANG,0-4,102271,97113,199384
Kabupaten MALANG,5-9,84211,85637,169848
Kabupaten MALANG,10-14,83735,82228,165963
Kabupaten MALANG,15-19,101839,95471,197310
Kabupaten MALANG,20-24,103785,91739,195524
Kabupaten MALANG,25-29,92424,90273,182697
Kabupaten MALANG,30-34,93457,91485,184942
Kabupaten MALANG,35-39,102366,94343,196709
Kabupaten MALANG,40-44,92970,92294,185264
Kabupaten MALANG,45-49,101237,100233,201470
Kabupaten MALANG,50-54,92966,93645,186611
Kabupaten MALANG,55-59,79864,80500,160364
Kabupaten MALANG,60-64,71802,69045,140847
Kabupaten MALANG,65-69,50710,61235,111945
Kabupaten MALANG,70-74,39865,43566,83431
Kabupaten MALANG,75+,38373,50143,88516
Kabupaten LUMAJANG,0-4,33674,35554,69228
Kabupaten LUMAJANG,5-9,36547,33024,69571
Kabupaten LUMAJANG,10-14,34705,31776,66481
Kabupaten LUMAJANG,15-19,36217,37287,73504
Kabupaten LUMAJANG,20-24,33602,34852,68454
Kabupaten LUMAJANG,25-29,34466,36899,71365
Kabupaten LUMAJANG,30-34,35627,38351,73978
Kabupaten LUMAJANG,35-39,36809,38000,74809
Kabupaten LUMAJANG,40-44,39947,42336,82283
Kabupaten LUMAJANG,45-49,36499,39803,76302
Kabupaten LUMAJANG,50-54,37934,37795,75729
Kabupaten LUMAJANG,55-59,35070,40486,75556
Kabupaten LUMAJANG,60-64,29247,34761,64008
Kabupaten LUMAJANG,65-69,24708,21499,46207
Kabupaten LUMAJANG,70-74,16356,16656,33012
Kabupaten LUMAJANG,75+,10934,18162,29096
Kabupaten JEMBER,0-4,85119,84037,169156
Kabupaten JEMBER,5-9,90856,88102,178958
Kabupaten JEMBER,10-14,84522,89876,174398
Kabupaten JEMBER,15-19,91582,86881,178463
Kabupaten JEMBER,20-24,89605,90181,179786
Kabupaten JEMBER,25-29,81529,86320,167849
Kabupaten JEMBER,30-34,86709,91103,177812
Kabupaten JEMBER,35-39,84258,86465,170723
Kabupaten JEMBER,40-44,90501,90174,180675
Kabupaten JEMBER,45-49,85485,88534,174019
Kabupaten JEMBER,50-54,88856,74509,163365
Kabupaten JEMBER,55-59,71527,92188,163715
Kabupaten JEMBER,60-64,70378,64557,134935
Kabupaten JEMBER,65-69,52414,65681,118095
Kabupaten JEMBER,70-74,33026,43456,76482
Kabupaten JEMBER,75+,32375,39671,72046
Kabupaten BANYUWANGI,0-4,55103,58265,113368
Kabupaten BANYUWANGI,5-9,55910,50422,106332
Kabupaten BANYUWANGI,10-14,57526,52914,110440
Kabupaten BANYUWANGI,15-19,53088,53556,106644
Kabupaten BANYUWANGI,20-24,52923,52919,105842
Kabupaten BANYUWANGI,25-29,47839,46244,94083
Kabupaten BANYUWANGI,30-34,53489,59256,112745
Kabupaten BANYUWANGI,35-39,63779,58054,121833
Kabupaten BANYUWANGI,40-44,60074,62741,122815
Kabupaten BANYUWANGI,45-49,61854,59928,121782
Kabupaten BANYUWANGI,50-54,54622,56055,110677
Kabupaten BANYUWANGI,55-59,52269,55741,108010
Kabupaten BANYUWANGI,60-64,45082,46854,91936
Kabupaten BANYUWANGI,65-69,45797,45166,90963
Kabupaten BANYUWANGI,70-74,28102,29603,57705
Kabupaten BANYUWANGI,75+,21388,29501,50889
Kabupaten BONDOWOSO,0-4,26124,24623,50747
Kabupaten BONDOWOSO,5-9,24357,25047,49404
Kabupaten BONDOWOSO,10-14,26641,23647,50288
Kabupaten BONDOWOSO,15-19,22806,23938,46744
Kabupaten BONDOWOSO,20-24,25331,27672,53003
Kabupaten BONDOWOSO,25-29,25010,25949,50959
Kabupaten BONDOWOSO,30-34,28942,26535,55477
Kabupaten BONDOWOSO,35-39,26759,30539,57298
Kabupaten BONDOWOSO,40-44,29958,29094,59052
Kabupaten BONDOWOSO,45-49,28219,29292,57511
Kabupaten BONDOWOSO,50-54,23883,27495,51378
Kabupaten BONDOWOSO,55-59,30051,29054,59105
Kabupaten BONDOWOSO,60-64,21695,27112,48807
Kabupaten BONDOWOSO,65-69,21573,22553,44126
Kabupaten BONDOWOSO,70-74,12091,14854,26945
Kabupaten BONDOWOSO,75+,9040,15808,24848
Kabupaten SITUBONDO,0-4,21680,20562,42242
Kabupaten SITUBONDO,5-9,21732,21685,43417
Kabupaten SITUBONDO,10-14,24319,23982,48301
Kabupaten SITUBONDO,15-19,20544,21522,42066
Kabupaten SITUBONDO,20-24,23546,24020,47566
Kabupaten SITUBONDO,25-29,24637,25263,49900
Kabupaten SITUBONDO,30-34,24468,23620,48088
Kabupaten SITUBONDO,35-39,25577,27387,52964
Kabupaten SITUBONDO,40-44,26227,25973,52200
Kabupaten SITUBONDO,45-49,25838,26529,52367
Kabupaten SITUBONDO,50-54,24364,26270,50634
Kabupaten SITUBONDO,55-59,23610,24813,48423
Kabupaten SITUBONDO,60-64,20450,22141,42591
Kabupaten SITUBONDO,65-69,14376,17444,31820
Kabupaten SITUBONDO,70-74,9068,9947,19015
Kabupaten SITUBONDO,75+,6966,13583,20549
Kabupaten PROBOLINGGO,0-4,43171,40567,83738
Kabupaten PROBOLINGGO,5-9,42026,42326,84352
Kabupaten PROBOLINGGO,10-14,45115,41271,86386
Kabupaten PROBOLINGGO,15-19,38380,42606,80986
Kabupaten PROBOLINGGO,20-24,39025,37701,76726
Kabupaten PROBOLINGGO,25-29,43267,49810,93077
Kabupaten PROBOLINGGO,30-34,43146,47595,90741
Kabupaten PROBOLINGGO,35-39,44750,43572,88322
Kabupaten PROBOLINGGO,40-44,48368,44473,92841
Kabupaten PROBOLINGGO,45-49,38939,43015,81954
Kabupaten PROBOLINGGO,50-54,39558,39784,79342
Kabupaten PROBOLINGGO,55-59,36016,39520,75536
Kabupaten PROBOLINGGO,60-64,31692,34198,65890
Kabupaten PROBOLINGGO,65-69,20119,23863,43982
Kabupaten PROBOLINGGO,70-74,14588,19023,33611
Kabupaten PROBOLINGGO,75+,11487,19498,30985
Kabupaten PASURUAN,0-4,60877,62085,122962
Kabupaten PASURUAN,5-9,58969,54368,113337
Kabupaten PASURUAN,10-14,59877,63976,123853
Kabupaten PASURUAN,15-19,68741,60085,128826
Kabupaten PASURUAN,20-24,65167,69297,134464
Kabupaten PASURUAN,25-29,68771,65171,133942
Kabupaten PASURUAN,30-34,61360,62194,123554
Kabupaten PASURUAN,35-39,68449,70560,139009
Kabupaten PASURUAN,40-44,66904,68000,134904
Kabupaten PASURUAN,45-49,57898,57683,115581
Kabupaten PASURUAN,50-54,57016,57599,114615
Kabupaten PASURUAN,55-59,42973,42239,85212
Kabupaten PASURUAN,60-64,32388,38987,71375
Kabupaten PASURUAN,65-69,25777,26342,52119
Kabupaten PASURUAN,70-74,11059,21522,32581
Kabupaten PASURUAN,75+,16126,18142,34268
Kabupaten SIDOARJO,0-4,89015,76773,165788
Kabupaten SIDOARJO,5-9,93078,97694,190772
Kabupaten SIDOARJO,10-14,82440,80843,163283
Kabupaten SIDOARJO,15-19,85634,81846,167480
Kabupaten SIDOARJO,20-24,106757,101977,208734
Kabupaten SIDOARJO,25-29,92820,94123,186943
Kabupaten SIDOARJO,30-34,104243,101288,205531
Kabupaten SIDOARJO,35-39,106390,109753,216143
Kabupaten SIDOARJO,40-44,97839,92614,190453
Kabupaten SIDOARJO,45-49,91582,88844,180426
Kabupaten SIDOARJO,50-54,67859,76044,143903
Kabupaten SIDOARJO,55-59,64855,53353,118208
Kabupaten SIDOARJO,60-64,44643,40618,85261
Kabupaten SIDOARJO,65-69,21427,32164,53591
Kabupaten SIDOARJO,70-74,19669,20221,39890
Kabupaten SIDOARJO,75+,14896,24113,39009
Kabupaten MOJOKERTO,0-4,41513,38635,80148
Kabupaten MOJOKERTO,5-9,40932,41320,82252
Kabupaten MOJOKERTO,10-14,38766,38449,77215
Kabupaten MOJOKERTO,15-19,43431,41372,84803
Kabupaten MOJOKERTO,20-24,41493,40928,82421
Kabupaten MOJOKERTO,25-29,45732,44529,90261
Kabupaten MOJOKERTO,30-34,43076,43138,86214
Kabupaten MOJOKERTO,35-39,45066,43719,88785
Kabupaten MOJOKERTO,40-44,46347,42630,88977
Kabupaten MOJOKERTO,45-49,43132,45223,88355
Kabupaten MOJOKERTO,50-54,37711,41663,79374
Kabupaten MOJOKERTO,55-59,32825,30305,63130
Kabupaten MOJOKERTO,60-64,26837,24925,51762
Kabupaten MOJOKERTO,65-69,20736,25772,46508
Kabupaten MOJOKERTO,70-74,12756,14590,27346
Kabupaten MOJOKERTO,75+,11796,16303,28099
Kabupaten JOMBANG,0-4,50548,43825,94373
Kabupaten JOMBANG,5-9,43547,46518,90065
Kabupaten JOMBANG,10-14,48572,44430,93002
Kabupaten JOMBANG,15-19,46563,47477,94040
Kabupaten JOMBANG,20-24,45269,39868,85137
Kabupaten JOMBANG,25-29,45827,49639,95466
Kabupaten JOMBANG,30-34,45947,45773,91720
Kabupaten JOMBANG,35-39,46886,44793,91679
Kabupaten JOMBANG,40-44,47427,49836,97263
Kabupaten JOMBANG,45-49,46801,45439,92240
Kabupaten JOMBANG,50-54,43211,47496,90707
Kabupaten JOMBANG,55-59,36300,34776,71076
Kabupaten JOMBANG,60-64,29978,34619,64597
Kabupaten JOMBANG,65-69,25945,25363,51308
Kabupaten JOMBANG,70-74,19798,20933,40731
Kabupaten JOMBANG,75+,13321,22100,35421
Kabupaten NGANJUK,0-4,34173,36899,71072
Kabupaten NGANJUK,5-9,38161,34027,72188
Kabupaten NGANJUK,10-14,39147,33233,72380
Kabupaten NGANJUK,15-19,33325,36098,69423
Kabupaten NGANJUK,20-24,33574,31831,65405
Kabupaten NGANJUK,25-29,36191,37206,73397
Kabupaten NGANJUK,30-34,40302,39979,80281
Kabupaten NGANJUK,35-39,36147,34588,70735
Kabupaten NGANJUK,40-44,41291,41804,83095
Kabupaten NGANJUK,45-49,37298,38243,75541
Kabupaten NGANJUK,50-54,35842,42535,78377
Kabupaten NGANJUK,55-59,33817,30203,64020
Kabupaten NGANJUK,60-64,27341,30997,58338
Kabupaten NGANJUK,65-69,28537,26324,54861
Kabupaten NGANJUK,70-74,17341,19165,36506
Kabupaten NGANJUK,75+,15441,21297,36738
Kabupaten MADIUN,0-4,24031,20056,44087
Kabupaten MADIUN,5-9,19573,21368,40941
Kabupaten MADIUN,10-14,22643,20832,43475
Kabupaten MADIUN,15-19,20630,19835,40465
Kabupaten MADIUN,20-24,18457,18579,37036
Kabupaten MADIUN,25-29,18433,17981,36414
Kabupaten MADIUN,30-34,22536,22494,45030
Kabupaten MADIUN,35-39,23099,22912,46011
Kabupaten MADIUN,40-44,24292,25815,50107
Kabupaten MADIUN,45-49,27924,28833,56757
Kabupaten MADIUN,50-54,28117,28868,56985
Kabupaten MADIUN,55-59,25315,26202,51517
Kabupaten MADIUN,60-64,23101,22351,45452
Kabupaten MADIUN,65-69,15432,18488,33920
Kabupaten MADIUN,70-74,12090,15363,27453
Kabupaten MADIUN,75+,12971,17904,30875
Kabupaten MAGETAN,0-4,17667,19258,36925
Kabupaten MAGETAN,5-9,19937,17069,37006
Kabupaten MAGETAN,10-14,18297,17452,35749
Kabupaten MAGETAN,15-19,21703,20147,41850
Kabupaten MAGETAN,20-24,16443,16511,32954
Kabupaten MAGETAN,25-29,17492,16822,34314
Kabupaten MAGETAN,30-34,19125,19934,39059
Kabupaten MAGETAN,35-39,21156,19937,41093
Kabupaten MAGETAN,40-44,20769,25199,45968
Kabupaten MAGETAN,45-49,23454,21341,44795
Kabupaten MAGETAN,50-54,24549,30336,54885
Kabupaten MAGETAN,55-59,24117,23567,47684
Kabupaten MAGETAN,60-64,20260,22532,42792
Kabupaten MAGETAN,65-69,18945,18849,37794
Kabupaten MAGETAN,70-74,11469,14422,25891
Kabupaten MAGETAN,75+,14917,23432,38349
Kabupaten NGAWI,0-4,25926,25673,51599
Kabupaten NGAWI,5-9,25604,23578,49182
Kabupaten NGAWI,10-14,25958,24863,50821
Kabupaten NGAWI,15-19,26995,29205,56200
Kabupaten NGAWI,20-24,21911,22156,44067
Kabupaten NGAWI,25-29,25148,27170,52318
Kabupaten NGAWI,30-34,25674,25591,51265
Kabupaten NGAWI,35-39,28702,29869,58571
Kabupaten NGAWI,40-44,29511,30708,60219
Kabupaten NGAWI,45-49,34126,35364,69490
Kabupaten NGAWI,50-54,33391,34629,68020
Kabupaten NGAWI,55-59,32150,32868,65018
Kabupaten NGAWI,60-64,27110,28674,55784
Kabupaten NGAWI,65-69,20536,22632,43168
Kabupaten NGAWI,70-74,13524,16420,29944
Kabupaten NGAWI,75+,15064,20865,35929
Kabupaten BOJONEGORO,0-4,39570,37973,77543
Kabupaten BOJONEGORO,5-9,40734,40169,80903
Kabupaten BOJONEGORO,10-14,40275,36211,76486
Kabupaten BOJONEGORO,15-19,43827,44637,88464
Kabupaten BOJONEGORO,20-24,39942,40985,80927
Kabupaten BOJONEGORO,25-29,39568,43945,83513
Kabupaten BOJONEGORO,30-34,45407,47464,92871
Kabupaten BOJONEGORO,35-39,45815,44859,90674
Kabupaten BOJONEGORO,40-44,49304,53381,102685
Kabupaten BOJONEGORO,45-49,50421,45706,96127
Kabupaten BOJONEGORO,50-54,48551,49253,97804
Kabupaten BOJONEGORO,55-59,41129,39286,80415
Kabupaten BOJONEGORO,60-64,32862,35438,68300
Kabupaten BOJONEGORO,65-69,26996,26528,53524
Kabupaten BOJONEGORO,70-74,19053,19707,38760
Kabupaten BOJONEGORO,75+,17998,30268,48266
Kabupaten TUBAN,0-4,38746,39415,78161
Kabupaten TUBAN,5-9,39243,36167,75410
Kabupaten TUBAN,10-14,37658,39448,77106
Kabupaten TUBAN,15-19,45725,39433,85158
Kabupaten TUBAN,20-24,42434,43828,86262
Kabupaten TUBAN,25-29,43804,42129,85933
Kabupaten TUBAN,30-34,47209,43340,90549
Kabupaten TUBAN,35-39,41790,44603,86393
Kabupaten TUBAN,40-44,48973,46976,95949
Kabupaten TUBAN,45-49,40860,43983,84843
Kabupaten TUBAN,50-54,43888,46601,90489
Kabupaten TUBAN,55-59,36385,36225,72610
Kabupaten TUBAN,60-64,27491,33113,60604
Kabupaten TUBAN,65-69,22657,21856,44513
Kabupaten TUBAN,70-74,15651,18084,33735
Kabupaten TUBAN,75+,13119,25243,38362
Kabupaten LAMONGAN,0-4,38276,37139,75415
Kabupaten LAMONGAN,5-9,39884,38118,78002
Kabupaten LAMONGAN,10-14,41082,40253,81335
Kabupaten LAMONGAN,15-19,45185,43707,88892
Kabupaten LAMONGAN,20-24,38205,40393,78598
Kabupaten LAMONGAN,25-29,35910,38039,73949
Kabupaten LAMONGAN,30-34,47363,39040,86403
Kabupaten LAMONGAN,35-39,33906,47528,81434
Kabupaten LAMONGAN,40-44,43338,49443,92781
Kabupaten LAMONGAN,45-49,46339,45090,91429
Kabupaten LAMONGAN,50-54,44801,49924,94725
Kabupaten LAMONGAN,55-59,41892,41793,83685
Kabupaten LAMONGAN,60-64,31275,34101,65376
Kabupaten LAMONGAN,65-69,25956,28839,54795
Kabupaten LAMONGAN,70-74,17977,19577,37554
Kabupaten LAMONGAN,75+,14343,27541,41884
Kabupaten GRESIK,0-4,53566,51146,104712
Kabupaten GRESIK,5-9,52211,50089,102300
Kabupaten GRESIK,10-14,49834,48932,98766
Kabupaten GRESIK,15-19,49780,48368,98148
Kabupaten GRESIK,20-24,50591,53539,104130
Kabupaten GRESIK,25-29,55571,54840,110411
Kabupaten GRESIK,30-34,57969,56838,114807
Kabupaten GRESIK,35-39,56494,57977,114471
Kabupaten GRESIK,40-44,53077,49977,103054
Kabupaten GRESIK,45-49,46489,49514,96003
Kabupaten GRESIK,50-54,43571,44476,88047
Kabupaten GRESIK,55-59,36112,36882,72994
Kabupaten GRESIK,60-64,28266,36072,64338
Kabupaten GRESIK,65-69,16324,13678,30002
Kabupaten GRESIK,70-74,13451,16690,30141
Kabupaten GRESIK,75+,9079,15050,24129
Kabupaten BANGKALAN,0-4,29917,31465,61382
Kabupaten BANGKALAN,5-9,51322,47322,98644
Kabupaten BANGKALAN,10-14,43865,41331,85196
Kabupaten BANGKALAN,15-19,48421,48022,96443
Kabupaten BANGKALAN,20-24,38475,35239,73714
Kabupaten BANGKALAN,25-29,33135,42487,75622
Kabupaten BANGKALAN,30-34,28698,32850,61548
Kabupaten BANGKALAN,35-39,31602,34600,66202
Kabupaten BANGKALAN,40-44,29516,34804,64320
Kabupaten BANGKALAN,45-49,29255,34206,63461
Kabupaten BANGKALAN,50-54,29956,24873,54829
Kabupaten BANGKALAN,55-59,24368,36966,61334
Kabupaten BANGKALAN,60-64,22031,25701,47732
Kabupaten BANGKALAN,65-69,17260,23148,40408
Kabupaten BANGKALAN,70-74,14105,14873,28978
Kabupaten BANGKALAN,75+,10706,20218,30924
Kabupaten SAMPANG,0-4,40557,38936,79493
Kabupaten SAMPANG,5-9,43046,43132,86178
Kabupaten SAMPANG,10-14,50827,48713,99540
Kabupaten SAMPANG,15-19,47273,43410,90683
Kabupaten SAMPANG,20-24,39363,39816,79179
Kabupaten SAMPANG,25-29,39375,44713,84088
Kabupaten SAMPANG,30-34,31984,32263,64247
Kabupaten SAMPANG,35-39,34153,37320,71473
Kabupaten SAMPANG,40-44,30584,31050,61634
Kabupaten SAMPANG,45-49,29627,35273,64900
Kabupaten SAMPANG,50-54,27481,22796,50277
Kabupaten SAMPANG,55-59,24177,34776,58953
Kabupaten SAMPANG,60-64,19970,24717,44687
Kabupaten SAMPANG,65-69,15765,16662,32427
Kabupaten SAMPANG,70-74,6222,13379,19601
Kabupaten SAMPANG,75+,11928,12150,24078
Kabupaten PAMEKASAN,0-4,36116,30283,66399
Kabupaten PAMEKASAN,5-9,29801,33690,63491
Kabupaten PAMEKASAN,10-14,41203,35966,77169
Kabupaten PAMEKASAN,15-19,37950,39240,77190
Kabupaten PAMEKASAN,20-24,29166,35434,64600
Kabupaten PAMEKASAN,25-29,40696,39339,80035
Kabupaten PAMEKASAN,30-34,31362,36130,67492
Kabupaten PAMEKASAN,35-39,36344,34230,70574
Kabupaten PAMEKASAN,40-44,29829,32830,62659
Kabupaten PAMEKASAN,45-49,30517,31699,62216
Kabupaten PAMEKASAN,50-54,27685,27647,55332
Kabupaten PAMEKASAN,55-59,21393,26900,48293
Kabupaten PAMEKASAN,60-64,18231,21271,39502
Kabupaten PAMEKASAN,65-69,14189,15945,30134
Kabupaten PAMEKASAN,70-74,8464,10057,18521
Kabupaten PAMEKASAN,75+,7526,15363,22889
Kabupaten SUMENEP,0-4,31553,32178,63731
Kabupaten SUMENEP,5-9,35928,34241,70169
Kabupaten SUMENEP,10-14,35033,34424,69457
Kabupaten SUMENEP,15-19,35806,36465,72271
Kabupaten SUMENEP,20-24,32026,37379,69405
Kabupaten SUMENEP,25-29,37486,42402,79888
Kabupaten SUMENEP,30-34,40184,42414,82598
Kabupaten SUMENEP,35-39,41665,44145,85810
Kabupaten SUMENEP,40-44,41988,44685,86673
Kabupaten SUMENEP,45-49,39830,43686,83516
Kabupaten SUMENEP,50-54,36420,33619,70039
Kabupaten SUMENEP,55-59,37889,49184,87073
Kabupaten SUMENEP,60-64,28106,34128,62234
Kabupaten SUMENEP,65-69,24744,30670,55414
Kabupaten SUMENEP,70-74,14849,19209,34058
Kabupaten SUMENEP,75+,9483,18160,27643
Kota KEDIRI,0-4,10421,9354,19775
Kota KEDIRI,5-9,10065,10680,20745
Kota KEDIRI,10-14,9554,10508,20062
Kota KEDIRI,15-19,11802,10849,22651
Kota KEDIRI,20-24,14645,11163,25808
Kota KEDIRI,25-29,11250,11755,23005
Kota KEDIRI,30-34,11463,10499,21962
Kota KEDIRI,35-39,10453,9850,20303
Kota KEDIRI,40-44,9337,10596,19933
Kota KEDIRI,45-49,11435,11031,22466
Kota KEDIRI,50-54,9904,11299,21203
Kota KEDIRI,55-59,8366,8885,17251
Kota KEDIRI,60-64,6643,7230,13873
Kota KEDIRI,65-69,4471,5075,9546
Kota KEDIRI,70-74,3079,2439,5518
Kota KEDIRI,75+,3035,5791,8826
Kota BLITAR,0-4,5216,4795,10011
Kota BLITAR,5-9,5340,5119,10459
Kota BLITAR,10-14,4832,5036,9868
Kota BLITAR,15-19,5333,5204,10537
Kota BLITAR,20-24,4265,3910,8175
Kota BLITAR,25-29,6278,6191,12469
Kota BLITAR,30-34,5980,5331,11311
Kota BLITAR,35-39,4562,4673,9235
Kota BLITAR,40-44,4780,5689,10469
Kota BLITAR,45-49,5513,5119,10632
Kota BLITAR,50-54,5336,6718,12054
Kota BLITAR,55-59,4095,3575,7670
Kota BLITAR,60-64,3809,4373,8182
Kota BLITAR,65-69,2448,2207,4655
Kota BLITAR,70-74,2312,2233,4545
Kota BLITAR,75+,1675,2780,4455
Kota MALANG,0-4,30122,31452,61574
Kota MALANG,5-9,28294,25027,53321
Kota MALANG,10-14,28835,26859,55694
Kota MALANG,15-19,33741,39995,73736
Kota MALANG,20-24,50406,48445,98851
Kota MALANG,25-29,40104,36884,76988
Kota MALANG,30-34,32633,30234,62867
Kota MALANG,35-39,32239,31891,64130
Kota MALANG,40-44,27484,29290,56774
Kota MALANG,45-49,30491,31944,62435
Kota MALANG,50-54,29185,33947,63132
Kota MALANG,55-59,21824,23149,44973
Kota MALANG,60-64,21240,22028,43268
Kota MALANG,65-69,11604,13753,25357
Kota MALANG,70-74,12773,9622,22395
Kota MALANG,75+,4995,13870,18865
Kota PROBOLINGGO,0-4,10169,9591,19760
Kota PROBOLINGGO,5-9,8474,8537,17011
Kota PROBOLINGGO,10-14,9657,9191,18848
Kota PROBOLINGGO,15-19,8724,9033,17757
Kota PROBOLINGGO,20-24,8639,9823,18462
Kota PROBOLINGGO,25-29,9769,8726,18495
Kota PROBOLINGGO,30-34,10007,9438,19445
Kota PROBOLINGGO,35-39,8787,9369,18156
Kota PROBOLINGGO,40-44,9274,9134,18408
Kota PROBOLINGGO,45-49,8439,9277,17716
Kota PROBOLINGGO,50-54,7657,9776,17433
Kota PROBOLINGGO,55-59,7151,5619,12770
Kota PROBOLINGGO,60-64,5415,6584,11999
Kota PROBOLINGGO,65-69,3574,2989,6563
Kota PROBOLINGGO,70-74,1944,3340,5284
Kota PROBOLINGGO,75+,2245,3004,5249
Kota PASURUAN,0-4,7942,8193,16135
Kota PASURUAN,5-9,8585,7545,16130
Kota PASURUAN,10-14,8183,7908,16091
Kota PASURUAN,15-19,7607,7652,15259
Kota PASURUAN,20-24,8944,7926,16870
Kota PASURUAN,25-29,7873,8281,16154
Kota PASURUAN,30-34,8553,7222,15775
Kota PASURUAN,35-39,7259,8579,15838
Kota PASURUAN,40-44,7221,7138,14359
Kota PASURUAN,45-49,7329,8126,15455
Kota PASURUAN,50-54,5833,7008,12841
Kota PASURUAN,55-59,6208,5526,11734
Kota PASURUAN,60-64,3835,4467,8302
Kota PASURUAN,65-69,2891,2601,5492
Kota PASURUAN,70-74,1423,2542,3965
Kota PASURUAN,75+,1713,2407,4120
Kota MOJOKERTO,0-4,5337,4624,9961
Kota MOJOKERTO,5-9,4647,4861,9508
Kota MOJOKERTO,10-14,4448,4178,8626
Kota MOJOKERTO,15-19,4570,4811,9381
Kota MOJOKERTO,20-24,5072,4868,9940
Kota MOJOKERTO,25-29,5088,5330,10418
Kota MOJOKERTO,30-34,4757,5299,10056
Kota MOJOKERTO,35-39,5716,4809,10525
Kota MOJOKERTO,40-44,4441,5180,9621
Kota MOJOKERTO,45-49,5089,4872,9961
Kota MOJOKERTO,50-54,4619,5810,10429
Kota MOJOKERTO,55-59,3966,3451,7417
Kota MOJOKERTO,60-64,2905,3699,6604
Kota MOJOKERTO,65-69,1771,1683,3454
Kota MOJOKERTO,70-74,1264,1828,3092
Kota MOJOKERTO,75+,1228,1824,3052
Kota MADIUN,0-4,6229,5504,11733
Kota MADIUN,5-9,5512,5740,11252
Kota MADIUN,10-14,4935,5926,10861
Kota MADIUN,15-19,6672,5817,12489
Kota MADIUN,20-24,5201,5975,11176
Kota MADIUN,25-29,6689,6029,12718
Kota MADIUN,30-34,6175,5548,11723
Kota MADIUN,35-39,6897,6870,13767
Kota MADIUN,40-44,5999,7586,13585
Kota MADIUN,45-49,6596,6189,12785
Kota MADIUN,50-54,6502,8619,15121
Kota MADIUN,55-59,5991,5508,11499
Kota MADIUN,60-64,4673,5256,9929
Kota MADIUN,65-69,3473,4470,7943
Kota MADIUN,70-74,2889,3058,5947
Kota MADIUN,75+,1775,4030,5805
Kota SURABAYA,0-4,101583,105014,206597
Kota SURABAYA,5-9,103989,95615,199604
Kota SURABAYA,10-14,92996,95441,188437
Kota SURABAYA,15-19,97770,104881,202651
Kota SURABAYA,20-24,134323,145250,279573
Kota SURABAYA,25-29,138129,134910,273039
Kota SURABAYA,30-34,127833,123066,250899
Kota SURABAYA,35-39,128864,127149,256013
Kota SURABAYA,40-44,104934,102436,207370
Kota SURABAYA,45-49,103037,110136,213173
Kota SURABAYA,50-54,91910,97043,188953
Kota SURABAYA,55-59,75822,84130,159952
Kota SURABAYA,60-64,60124,62061,122185
Kota SURABAYA,65-69,39112,39110,78222
Kota SURABAYA,70-74,24800,25689,50489
Kota SURABAYA,75+,20549,30352,50901
Kota BATU,0-4,7730,7786,15516
Kota BATU,5-9,7570,7359,14929
Kota BATU,10-14,6594,6531,13125
Kota BATU,15-19,7851,7709,15560
Kota BATU,20-24,8387,8457,16844
Kota BATU,25-29,8519,7524,16043
Kota BATU,30-34,8490,6876,15366
Kota BATU,35-39,7685,8801,16486
Kota BATU,40-44,7693,8216,15909
Kota BATU,45-49,8354,7539,15893
Kota BATU,50-54,7889,8036,15925
Kota BATU,55-59,5968,5357,11325
Kota BATU,60-64,5223,4686,9909
Kota BATU,65-69,3431,4280,7711
Kota BATU,70-74,2728,2941,5669
Kota BATU,75+,3028,3651,6679
