Kabupaten_Kota,IPM,Tahun
Trenggalek,68.1,2017
Tulungagung,71.24,2017
Blitar,69.33,2017
Kediri,70.47,2017
Malang,68.47,2017
Lumajang,64.23,2017
Jember,64.96,2017
Banyuwangi,69.64,2017
Bondowoso,64.75,2017
Situbondo,65.68,2017
Probolinggo,64.28,2017
Pasuruan,66.69,2017
Sidoarjo,78.7,2017
Mojokerto,72.36,2017
Jombang,70.88,2017
Nganjuk,70.69,2017
Madiun,70.27,2017
Magetan,72.6,2017
Ngawi,69.27,2017
Bojonegoro,67.28,2017
Tuban,66.77,2017
Lamongan,71.11,2017
Gresik,74.84,2017
Bangkalan,62.3,2017
Sampang,59.9,2017
Pamekasan,64.93,2017
Sumenep,64.28,2017
Kota Kediri,77.13,2017
Kota Blitar,77.1,2017
Kota Malang,80.65,2017
Kota Probolinggo,72.09,2017
Kota Pasuruan,74.39,2017
Kota Mojokerto,76.77,2017
Kota Madiun,80.13,2017
Kota Surabaya,81.07,2017
Kota Batu,74.26,2017
Jawa Timur,70.27,2017
Trenggalek,68.71,2018
Tulungagung,71.99,2018
Blitar,69.93,2018
Kediri,71.07,2018
Malang,69.4,2018
Lumajang,64.83,2018
Jember,65.96,2018
Banyuwangi,70.06,2018
Bondowoso,65.27,2018
Situbondo,66.42,2018
Probolinggo,64.85,2018
Pasuruan,67.41,2018
Sidoarjo,79.5,2018
Mojokerto,72.64,2018
Jombang,71.86,2018
Nganjuk,71.23,2018
Madiun,71.01,2018
Magetan,72.91,2018
Ngawi,69.91,2018
Bojonegoro,67.85,2018
Tuban,67.43,2018
Lamongan,71.97,2018
Gresik,75.28,2018
Bangkalan,62.87,2018
Sampang,61.0,2018
Pamekasan,65.41,2018
Sumenep,65.25,2018
Kota Kediri,77.58,2018
Kota Blitar,77.58,2018
Kota Malang,80.89,2018
Kota Probolinggo,72.53,2018
Kota Pasuruan,74.78,2018
Kota Mojokerto,77.14,2018
Kota Madiun,80.33,2018
Kota Surabaya,81.74,2018
Kota Batu,75.04,2018
Jawa Timur,70.77,2018
Trenggalek,69.46,2019
Tulungagung,72.62,2019
Blitar,70.57,2019
Kediri,71.85,2019
Malang,70.35,2019
Lumajang,65.33,2019
Jember,66.69,2019
Banyuwangi,70.6,2019
Bondowoso,66.09,2019
Situbondo,67.09,2019
Probolinggo,65.6,2019
Pasuruan,68.29,2019
Sidoarjo,80.05,2019
Mojokerto,73.53,2019
Jombang,72.85,2019
Nganjuk,71.71,2019
Madiun,71.69,2019
Magetan,73.49,2019
Ngawi,70.41,2019
Bojonegoro,68.75,2019
Tuban,68.37,2019
Lamongan,72.57,2019
Gresik,76.1,2019
Bangkalan,63.79,2019
Sampang,61.94,2019
Pamekasan,65.94,2019
Sumenep,66.22,2019
Kota Kediri,78.08,2019
Kota Blitar,78.56,2019
Kota Malang,81.32,2019
Kota Probolinggo,73.27,2019
Kota Pasuruan,75.25,2019
Kota Mojokerto,77.96,2019
Kota Madiun,80.88,2019
Kota Surabaya,82.22,2019
Kota Batu,75.88,2019
Jawa Timur,71.5,2019
Trenggalek,70.1,2020
Tulungagung,73.15,2020
Blitar,71.02,2020
Kediri,72.8,2020
Malang,71.24,2020
Lumajang,67.04,2020
Jember,69.01,2020
Banyuwangi,71.85,2020
Bondowoso,69.1,2020
Situbondo,68.94,2020
Probolinggo,68.77,2020
Pasuruan,70.2,2020
Sidoarjo,80.65,2020
Mojokerto,74.58,2020
Jombang,73.63,2020
Nganjuk,72.78,2020
Madiun,72.94,2020
Magetan,74.85,2020
Ngawi,71.49,2020
Bojonegoro,70.18,2020
Tuban,69.6,2020
Lamongan,73.44,2020
Gresik,76.59,2020
Bangkalan,65.17,2020
Sampang,64.75,2020
Pamekasan,68.65,2020
Sumenep,67.15,2020
Kota Kediri,78.78,2020
Kota Blitar,78.88,2020
Kota Malang,82.19,2020
Kota Probolinggo,74.81,2020
Kota Pasuruan,76.47,2020
Kota Mojokerto,78.95,2020
Kota Madiun,81.93,2020
Kota Surabaya,82.76,2020
Kota Batu,76.82,2020
Jawa Timur,73.04,2020
Trenggalek,70.4,2021
Tulungagung,73.29,2021
Blitar,71.48,2021
Kediri,73.31,2021
Malang,71.48,2021
Lumajang,67.65,2021
Jember,69.2,2021
Banyuwangi,72.62,2021
Bondowoso,69.24,2021
Situbondo,69.34,2021
Probolinggo,68.94,2021
Pasuruan,70.54,2021
Sidoarjo,81.01,2021
Mojokerto,74.9,2021
Jombang,74.1,2021
Nganjuk,73.03,2021
Madiun,73.07,2021
Magetan,75.08,2021
Ngawi,71.97,2021
Bojonegoro,70.7,2021
Tuban,70.1,2021
Lamongan,73.97,2021
Gresik,76.98,2021
Bangkalan,65.42,2021
Sampang,64.86,2021
Pamekasan,68.78,2021
Sumenep,67.74,2021
Kota Kediri,79.15,2021
Kota Blitar,79.27,2021
Kota Malang,82.77,2021
Kota Probolinggo,75.2,2021
Kota Pasuruan,76.83,2021
Kota Mojokerto,79.34,2021
Kota Madiun,82.27,2021
Kota Surabaya,82.94,2021
Kota Batu,77.21,2021
Jawa Timur,73.48,2021
Trenggalek,71.28,2022
Tulungagung,74.14,2022
Blitar,72.25,2022
Kediri,74.2,2022
Malang,72.23,2022
Lumajang,68.48,2022
Jember,69.8,2022
Banyuwangi,73.15,2022
Bondowoso,69.91,2022
Situbondo,69.76,2022
Probolinggo,69.56,2022
Pasuruan,71.29,2022
Sidoarjo,81.37,2022
Mojokerto,75.61,2022
Jombang,74.66,2022
Nganjuk,73.95,2022
Madiun,73.51,2022
Magetan,75.76,2022
Ngawi,72.62,2022
Bojonegoro,71.15,2022
Tuban,70.79,2022
Lamongan,74.83,2022
Gresik,77.62,2022
Bangkalan,66.11,2022
Sampang,65.44,2022
Pamekasan,69.35,2022
Sumenep,68.49,2022
Kota Kediri,80.12,2022
Kota Blitar,80.15,2022
Kota Malang,83.38,2022
Kota Probolinggo,76.08,2022
Kota Pasuruan,77.71,2022
Kota Mojokerto,80.19,2022
Kota Madiun,83.02,2022
Kota Surabaya,83.32,2022
Kota Batu,78.13,2022
Jawa Timur,74.05,2022
Trenggalek,71.96,2023
Tulungagung,74.65,2023
Blitar,72.84,2023
Kediri,74.68,2023
Malang,73.0,2023
Lumajang,69.37,2023
Jember,70.42,2023
Banyuwangi,73.79,2023
Bondowoso,70.56,2023
Situbondo,70.65,2023
Probolinggo,70.36,2023
Pasuruan,71.91,2023
Sidoarjo,81.88,2023
Mojokerto,76.23,2023
Jombang,75.16,2023
Nganjuk,74.7,2023
Madiun,74.02,2023
Magetan,76.3,2023
Ngawi,73.28,2023
Bojonegoro,71.8,2023
Tuban,71.4,2023
Lamongan,75.29,2023
Gresik,78.44,2023
Bangkalan,66.82,2023
Sampang,66.19,2023
Pamekasan,70.32,2023
Sumenep,69.13,2023
Kota Kediri,80.97,2023
Kota Blitar,80.78,2023
Kota Malang,84.0,2023
Kota Probolinggo,76.93,2023
Kota Pasuruan,78.3,2023
Kota Mojokerto,80.9,2023
Kota Madiun,83.71,2023
Kota Surabaya,83.99,2023
Kota Batu,79.07,2023
Jawa Timur,74.65,2023
Trenggalek,72.47,2024
Tulungagung,75.13,2024
Blitar,73.44,2024
Kediri,75.18,2024
Malang,73.53,2024
Lumajang,70.31,2024
Jember,70.93,2024
Banyuwangi,74.3,2024
Bondowoso,71.22,2024
Situbondo,71.22,2024
Probolinggo,70.85,2024
Pasuruan,72.36,2024
Sidoarjo,82.67,2024
Mojokerto,76.69,2024
Jombang,75.67,2024
Nganjuk,75.24,2024
Madiun,74.81,2024
Magetan,76.77,2024
Ngawi,73.91,2024
Bojonegoro,72.75,2024
Tuban,72.31,2024
Lamongan,75.9,2024
Gresik,78.93,2024
Bangkalan,67.33,2024
Sampang,66.72,2024
Pamekasan,70.85,2024
Sumenep,69.78,2024
Kota Kediri,81.88,2024
Kota Blitar,81.44,2024
Kota Malang,84.68,2024
Kota Probolinggo,77.79,2024
Kota Pasuruan,78.9,2024
Kota Mojokerto,81.76,2024
Kota Madiun,84.51,2024
Kota Surabaya,84.69,2024
Kota Batu,79.69,2024
Jawa Timur,75.35,2024
Trenggalek,73.39,2025
Tulungagung,75.88,2025
Blitar,74.43,2025
Kediri,76.09,2025
Malang,74.45,2025
Lumajang,71.02,2025
Jember,71.57,2025
Banyuwangi,75.17,2025
Bondowoso,71.72,2025
Situbondo,71.87,2025
Probolinggo,71.65,2025
Pasuruan,73.02,2025
Sidoarjo,83.35,2025
Mojokerto,77.46,2025
Jombang,76.37,2025
Nganjuk,75.89,2025
Madiun,75.47,2025
Magetan,77.58,2025
Ngawi,74.43,2025
Bojonegoro,73.74,2025
Tuban,73.15,2025
Lamongan,76.81,2025
Gresik,79.69,2025
Bangkalan,68.15,2025
Sampang,67.23,2025
Pamekasan,71.64,2025
Sumenep,70.54,2025
Kota Kediri,82.71,2025
Kota Blitar,82.03,2025
Kota Malang,85.55,2025
Kota Probolinggo,78.5,2025
Kota Pasuruan,79.52,2025
Kota Mojokerto,82.35,2025
Kota Madiun,85.12,2025
Kota Surabaya,85.65,2025
Kota Batu,80.35,2025
Jawa Timur,76.13,2025
