id,id_index,kode_provinsi,nama_provinsi,kode_kabupaten_kota,nama_kabupaten_kota,jumlah_penduduk_per_km2,periode_update,satuan,tahun
39,39,35,JAWA TIMUR,3501,KABUPATEN PACITAN,426.6,2018-S2,JIWA/KM2,2018
40,40,35,JAWA TIMUR,3502,KABUPATEN PONOROGO,736.87,2018-S2,JIWA/KM2,2018
41,41,35,JAWA TIMUR,3503,KABUPATEN TRENGGALEK,652.39,2018-S2,JIWA/KM2,2018
42,42,35,JAWA TIMUR,3504,KABUPATEN TULUNGAGUNG,1051.06,2018-S2,JIWA/KM2,2018
43,43,35,JAWA TIMUR,3572,KOTA BLITAR,920.45,2018-S2,JIWA/KM2,2018
44,44,35,JAWA TIMUR,3571,KOTA KEDIRI,1188.87,2018-S2,JIWA/KM2,2018
45,45,35,JAWA TIMUR,3573,KOTA MALANG,705.85,2018-S2,JIWA/KM2,2018
46,46,35,JAWA TIMUR,3508,KABUPATEN LUMAJANG,628.04,2018-S2,JIWA/KM2,2018
47,47,35,JAWA TIMUR,3509,KABUPATEN JEMBER,826.76,2018-S2,JIWA/KM2,2018
48,48,35,JAWA TIMUR,3510,KABUPATEN BANYUWANGI,299.71,2018-S2,JIWA/KM2,2018
49,49,35,JAWA TIMUR,3511,KABUPATEN BONDOWOSO,519.85,2018-S2,JIWA/KM2,2018
50,50,35,JAWA TIMUR,3512,KABUPATEN SITUBONDO,411.36,2018-S2,JIWA/KM2,2018
51,51,35,JAWA TIMUR,3574,KOTA PROBOLINGGO,663.24,2018-S2,JIWA/KM2,2018
52,52,35,JAWA TIMUR,3575,KOTA PASURUAN,1075.24,2018-S2,JIWA/KM2,2018
53,53,35,JAWA TIMUR,3515,KABUPATEN SIDOARJO,2967.36,2018-S2,JIWA/KM2,2018
54,54,35,JAWA TIMUR,3576,KOTA MOJOKERTO,1560.6,2018-S2,JIWA/KM2,2018
55,55,35,JAWA TIMUR,3517,KABUPATEN JOMBANG,1188.35,2018-S2,JIWA/KM2,2018
56,56,35,JAWA TIMUR,3518,KABUPATEN NGANJUK,908.43,2018-S2,JIWA/KM2,2018
57,57,35,JAWA TIMUR,3577,KOTA MADIUN,713.98,2018-S2,JIWA/KM2,2018
58,58,35,JAWA TIMUR,3520,KABUPATEN MAGETAN,1004.5,2018-S2,JIWA/KM2,2018
59,59,35,JAWA TIMUR,3521,KABUPATEN NGAWI,699.8,2018-S2,JIWA/KM2,2018
60,60,35,JAWA TIMUR,3522,KABUPATEN BOJONEGORO,602.94,2018-S2,JIWA/KM2,2018
61,61,35,JAWA TIMUR,3523,KABUPATEN TUBAN,653.56,2018-S2,JIWA/KM2,2018
62,62,35,JAWA TIMUR,3524,KABUPATEN LAMONGAN,763.9,2018-S2,JIWA/KM2,2018
63,63,35,JAWA TIMUR,3525,KABUPATEN GRESIK,1062.13,2018-S2,JIWA/KM2,2018
64,64,35,JAWA TIMUR,3526,KABUPATEN BANGKALAN,1065.36,2018-S2,JIWA/KM2,2018
65,65,35,JAWA TIMUR,3527,KABUPATEN SAMPANG,692.96,2018-S2,JIWA/KM2,2018
66,66,35,JAWA TIMUR,3528,KABUPATEN PAMEKASAN,1036.23,2018-S2,JIWA/KM2,2018
67,67,35,JAWA TIMUR,3529,KABUPATEN SUMENEP,565.68,2018-S2,JIWA/KM2,2018
68,68,35,JAWA TIMUR,3571,KOTA KEDIRI,4605.82,2018-S2,JIWA/KM2,2018
69,69,35,JAWA TIMUR,3572,KOTA BLITAR,4812.19,2018-S2,JIWA/KM2,2018
70,70,35,JAWA TIMUR,3573,KOTA MALANG,5832.72,2018-S2,JIWA/KM2,2018
71,71,35,JAWA TIMUR,3574,KOTA PROBOLINGGO,4204.16,2018-S2,JIWA/KM2,2018
72,72,35,JAWA TIMUR,3575,KOTA PASURUAN,5926.3,2018-S2,JIWA/KM2,2018
73,73,35,JAWA TIMUR,3576,KOTA MOJOKERTO,8732.6,2018-S2,JIWA/KM2,2018
74,74,35,JAWA TIMUR,3577,KOTA MADIUN,6059.58,2018-S2,JIWA/KM2,2018
75,75,35,JAWA TIMUR,3578,KOTA SURABAYA,8318.34,2018-S2,JIWA/KM2,2018
76,76,35,JAWA TIMUR,3579,KOTA BATU,1535.27,2018-S2,JIWA/KM2,2018
77,77,35,JAWA TIMUR,3520,KABUPATEN MAGETAN,1014.86,2019-S2,JIWA/KM2,2019
78,78,35,JAWA TIMUR,3502,KABUPATEN PONOROGO,743.81,2019-S2,JIWA/KM2,2019
79,79,35,JAWA TIMUR,3503,KABUPATEN TRENGGALEK,653.97,2019-S2,JIWA/KM2,2019
80,80,35,JAWA TIMUR,3504,KABUPATEN TULUNGAGUNG,1059.83,2019-S2,JIWA/KM2,2019
81,81,35,JAWA TIMUR,3572,KOTA BLITAR,932.79,2019-S2,JIWA/KM2,2019
82,82,35,JAWA TIMUR,3571,KOTA KEDIRI,1199.46,2019-S2,JIWA/KM2,2019
83,83,35,JAWA TIMUR,3573,KOTA MALANG,722.19,2019-S2,JIWA/KM2,2019
84,84,35,JAWA TIMUR,3508,KABUPATEN LUMAJANG,630.28,2019-S2,JIWA/KM2,2019
85,85,35,JAWA TIMUR,3509,KABUPATEN JEMBER,830.72,2019-S2,JIWA/KM2,2019
86,86,35,JAWA TIMUR,3510,KABUPATEN BANYUWANGI,302.24,2019-S2,JIWA/KM2,2019
87,87,35,JAWA TIMUR,3511,KABUPATEN BONDOWOSO,522.68,2019-S2,JIWA/KM2,2019
88,88,35,JAWA TIMUR,3512,KABUPATEN SITUBONDO,414.18,2019-S2,JIWA/KM2,2019
89,89,35,JAWA TIMUR,3574,KOTA PROBOLINGGO,671.1,2019-S2,JIWA/KM2,2019
90,90,35,JAWA TIMUR,3575,KOTA PASURUAN,1080.09,2019-S2,JIWA/KM2,2019
91,91,35,JAWA TIMUR,3515,KABUPATEN SIDOARJO,3036.96,2019-S2,JIWA/KM2,2019
92,92,35,JAWA TIMUR,3576,KOTA MOJOKERTO,1585.93,2019-S2,JIWA/KM2,2019
93,93,35,JAWA TIMUR,3517,KABUPATEN JOMBANG,1204.58,2019-S2,JIWA/KM2,2019
94,94,35,JAWA TIMUR,3518,KABUPATEN NGANJUK,917.67,2019-S2,JIWA/KM2,2019
95,95,35,JAWA TIMUR,3577,KOTA MADIUN,721.94,2019-S2,JIWA/KM2,2019
96,96,35,JAWA TIMUR,3501,KABUPATEN PACITAN,429.19,2019-S2,JIWA/KM2,2019
97,97,35,JAWA TIMUR,3521,KABUPATEN NGAWI,704.91,2019-S2,JIWA/KM2,2019
98,98,35,JAWA TIMUR,3522,KABUPATEN BOJONEGORO,607.53,2019-S2,JIWA/KM2,2019
99,99,35,JAWA TIMUR,3523,KABUPATEN TUBAN,660.5,2019-S2,JIWA/KM2,2019
100,100,35,JAWA TIMUR,3524,KABUPATEN LAMONGAN,770.68,2019-S2,JIWA/KM2,2019
101,101,35,JAWA TIMUR,3525,KABUPATEN GRESIK,1070.36,2019-S2,JIWA/KM2,2019
102,102,35,JAWA TIMUR,3526,KABUPATEN BANGKALAN,1074.79,2019-S2,JIWA/KM2,2019
103,103,35,JAWA TIMUR,3527,KABUPATEN SAMPANG,697.97,2019-S2,JIWA/KM2,2019
104,104,35,JAWA TIMUR,3528,KABUPATEN PAMEKASAN,1043.88,2019-S2,JIWA/KM2,2019
105,105,35,JAWA TIMUR,3529,KABUPATEN SUMENEP,567.48,2019-S2,JIWA/KM2,2019
106,106,35,JAWA TIMUR,3571,KOTA KEDIRI,4652.21,2019-S2,JIWA/KM2,2019
107,107,35,JAWA TIMUR,3572,KOTA BLITAR,4847.41,2019-S2,JIWA/KM2,2019
108,108,35,JAWA TIMUR,3573,KOTA MALANG,5922.71,2019-S2,JIWA/KM2,2019
109,109,35,JAWA TIMUR,3574,KOTA PROBOLINGGO,4245.44,2019-S2,JIWA/KM2,2019
110,110,35,JAWA TIMUR,3575,KOTA PASURUAN,5979.26,2019-S2,JIWA/KM2,2019
111,111,35,JAWA TIMUR,3576,KOTA MOJOKERTO,8436.13,2019-S2,JIWA/KM2,2019
112,112,35,JAWA TIMUR,3577,KOTA MADIUN,6097.61,2019-S2,JIWA/KM2,2019
113,113,35,JAWA TIMUR,3578,KOTA SURABAYA,8416.24,2019-S2,JIWA/KM2,2019
114,114,35,JAWA TIMUR,3579,KOTA BATU,1552.55,2019-S2,JIWA/KM2,2019
153,153,35,JAWA TIMUR,3511,KABUPATEN BONDOWOSO,525.19,2020-S2,JIWA/KM2,2020
154,154,35,JAWA TIMUR,3579,KOTA BATU,1563.6,2020-S2,JIWA/KM2,2020
155,155,35,JAWA TIMUR,3578,KOTA SURABAYA,8474.72,2020-S2,JIWA/KM2,2020
156,156,35,JAWA TIMUR,3577,KOTA MADIUN,6007.28,2020-S2,JIWA/KM2,2020
157,157,35,JAWA TIMUR,3576,KOTA MOJOKERTO,8486.58,2020-S2,JIWA/KM2,2020
158,158,35,JAWA TIMUR,3575,KOTA PASURUAN,5957.69,2020-S2,JIWA/KM2,2020
159,159,35,JAWA TIMUR,3574,KOTA PROBOLINGGO,4272.05,2020-S2,JIWA/KM2,2020
160,160,35,JAWA TIMUR,3573,KOTA MALANG,5962.64,2020-S2,JIWA/KM2,2020
161,161,35,JAWA TIMUR,3572,KOTA BLITAR,4860.7,2020-S2,JIWA/KM2,2020
162,162,35,JAWA TIMUR,3571,KOTA KEDIRI,4609.81,2020-S2,JIWA/KM2,2020
163,163,35,JAWA TIMUR,3529,KABUPATEN SUMENEP,569.5,2020-S2,JIWA/KM2,2020
164,164,35,JAWA TIMUR,3528,KABUPATEN PAMEKASAN,1050.52,2020-S2,JIWA/KM2,2020
165,165,35,JAWA TIMUR,3527,KABUPATEN SAMPANG,715.48,2020-S2,JIWA/KM2,2020
166,166,35,JAWA TIMUR,3526,KABUPATEN BANGKALAN,1081.1,2020-S2,JIWA/KM2,2020
167,167,35,JAWA TIMUR,3525,KABUPATEN GRESIK,1077.71,2020-S2,JIWA/KM2,2020
168,168,35,JAWA TIMUR,3524,KABUPATEN LAMONGAN,774.18,2020-S2,JIWA/KM2,2020
169,169,35,JAWA TIMUR,3523,KABUPATEN TUBAN,664.95,2020-S2,JIWA/KM2,2020
170,170,35,JAWA TIMUR,3522,KABUPATEN BOJONEGORO,611.09,2020-S2,JIWA/KM2,2020
171,171,35,JAWA TIMUR,3521,KABUPATEN NGAWI,706.82,2020-S2,JIWA/KM2,2020
172,172,35,JAWA TIMUR,3520,KABUPATEN MAGETAN,1000.54,2020-S2,JIWA/KM2,2020
173,173,35,JAWA TIMUR,3577,KOTA MADIUN,726.85,2020-S2,JIWA/KM2,2020
174,174,35,JAWA TIMUR,3518,KABUPATEN NGANJUK,922.14,2020-S2,JIWA/KM2,2020
175,175,35,JAWA TIMUR,3517,KABUPATEN JOMBANG,1210.76,2020-S2,JIWA/KM2,2020
176,176,35,JAWA TIMUR,3576,KOTA MOJOKERTO,1596.74,2020-S2,JIWA/KM2,2020
177,177,35,JAWA TIMUR,3515,KABUPATEN SIDOARJO,3058.19,2020-S2,JIWA/KM2,2020
178,178,35,JAWA TIMUR,3575,KOTA PASURUAN,1087.88,2020-S2,JIWA/KM2,2020
179,179,35,JAWA TIMUR,3574,KOTA PROBOLINGGO,675.7,2020-S2,JIWA/KM2,2020
180,180,35,JAWA TIMUR,3512,KABUPATEN SITUBONDO,415.74,2020-S2,JIWA/KM2,2020
181,181,35,JAWA TIMUR,3501,KABUPATEN PACITAN,429.86,2020-S2,JIWA/KM2,2020
182,182,35,JAWA TIMUR,3510,KABUPATEN BANYUWANGI,303.46,2020-S2,JIWA/KM2,2020
183,183,35,JAWA TIMUR,3509,KABUPATEN JEMBER,833.98,2020-S2,JIWA/KM2,2020
184,184,35,JAWA TIMUR,3508,KABUPATEN LUMAJANG,624.06,2020-S2,JIWA/KM2,2020
185,185,35,JAWA TIMUR,3573,KOTA MALANG,732.28,2020-S2,JIWA/KM2,2020
186,186,35,JAWA TIMUR,3571,KOTA KEDIRI,1207.44,2020-S2,JIWA/KM2,2020
187,187,35,JAWA TIMUR,3572,KOTA BLITAR,934.69,2020-S2,JIWA/KM2,2020
188,188,35,JAWA TIMUR,3504,KABUPATEN TULUNGAGUNG,1067.16,2020-S2,JIWA/KM2,2020
189,189,35,JAWA TIMUR,3503,KABUPATEN TRENGGALEK,657.08,2020-S2,JIWA/KM2,2020
190,190,35,JAWA TIMUR,3502,KABUPATEN PONOROGO,748.86,2020-S2,JIWA/KM2,2020
229,229,35,JAWA TIMUR,3501,KABUPATEN PACITAN,430.2391504547,2021-S2,JIWA/KM2,2021
230,230,35,JAWA TIMUR,3502,KABUPATEN PONOROGO,742.4798958413,2021-S2,JIWA/KM2,2021
231,231,35,JAWA TIMUR,3503,KABUPATEN TRENGGALEK,651.3092519307,2021-S2,JIWA/KM2,2021
232,232,35,JAWA TIMUR,3504,KABUPATEN TULUNGAGUNG,1067.6047932553,2021-S2,JIWA/KM2,2021
233,233,35,JAWA TIMUR,3572,KOTA BLITAR,919.7855560876,2021-S2,JIWA/KM2,2021
234,234,35,JAWA TIMUR,3571,KOTA KEDIRI,1207.1411565239,2021-S2,JIWA/KM2,2021
235,235,35,JAWA TIMUR,3573,KOTA MALANG,746.5905711413,2021-S2,JIWA/KM2,2021
236,236,35,JAWA TIMUR,3508,KABUPATEN LUMAJANG,610.1563459713,2021-S2,JIWA/KM2,2021
237,237,35,JAWA TIMUR,3509,KABUPATEN JEMBER,835.1840353907,2021-S2,JIWA/KM2,2021
238,238,35,JAWA TIMUR,3510,KABUPATEN BANYUWANGI,302.7770475927,2021-S2,JIWA/KM2,2021
239,239,35,JAWA TIMUR,3511,KABUPATEN BONDOWOSO,525.6341867796,2021-S2,JIWA/KM2,2021
240,240,35,JAWA TIMUR,3512,KABUPATEN SITUBONDO,399.2041296628,2021-S2,JIWA/KM2,2021
241,241,35,JAWA TIMUR,3574,KOTA PROBOLINGGO,682.3494732374,2021-S2,JIWA/KM2,2021
242,242,35,JAWA TIMUR,3575,KOTA PASURUAN,1088.884139971,2021-S2,JIWA/KM2,2021
243,243,35,JAWA TIMUR,3515,KABUPATEN SIDOARJO,3077.9107159747,2021-S2,JIWA/KM2,2021
244,244,35,JAWA TIMUR,3576,KOTA MOJOKERTO,1570.9123330036,2021-S2,JIWA/KM2,2021
245,245,35,JAWA TIMUR,3517,KABUPATEN JOMBANG,1211.9380498435,2021-S2,JIWA/KM2,2021
246,246,35,JAWA TIMUR,3518,KABUPATEN NGANJUK,926.2070655503,2021-S2,JIWA/KM2,2021
247,247,35,JAWA TIMUR,3577,KOTA MADIUN,727.1304381349,2021-S2,JIWA/KM2,2021
248,248,35,JAWA TIMUR,3520,KABUPATEN MAGETAN,1001.0176528657,2021-S2,JIWA/KM2,2021
249,249,35,JAWA TIMUR,3521,KABUPATEN NGAWI,692.111760984,2021-S2,JIWA/KM2,2021
250,250,35,JAWA TIMUR,3522,KABUPATEN BOJONEGORO,610.5330659135,2021-S2,JIWA/KM2,2021
251,251,35,JAWA TIMUR,3523,KABUPATEN TUBAN,667.0217812066,2021-S2,JIWA/KM2,2021
252,252,35,JAWA TIMUR,3524,KABUPATEN LAMONGAN,774.4704132881,2021-S2,JIWA/KM2,2021
253,253,35,JAWA TIMUR,3525,KABUPATEN GRESIK,1077.9920251836,2021-S2,JIWA/KM2,2021
254,254,35,JAWA TIMUR,3526,KABUPATEN BANGKALAN,1081.6344463972,2021-S2,JIWA/KM2,2021
255,255,35,JAWA TIMUR,3527,KABUPATEN SAMPANG,752.2885781944,2021-S2,JIWA/KM2,2021
256,256,35,JAWA TIMUR,3528,KABUPATEN PAMEKASAN,1066.73482783,2021-S2,JIWA/KM2,2021
257,257,35,JAWA TIMUR,3529,KABUPATEN SUMENEP,567.819508241,2021-S2,JIWA/KM2,2021
258,258,35,JAWA TIMUR,3571,KOTA KEDIRI,4615.094637224,2021-S2,JIWA/KM2,2021
259,259,35,JAWA TIMUR,3572,KOTA BLITAR,4858.5815167332,2021-S2,JIWA/KM2,2021
260,260,35,JAWA TIMUR,3573,KOTA MALANG,5964.1863986784,2021-S2,JIWA/KM2,2021
261,261,35,JAWA TIMUR,3574,KOTA PROBOLINGGO,4277.7307217223,2021-S2,JIWA/KM2,2021
262,262,35,JAWA TIMUR,3575,KOTA PASURUAN,5967.6395579484,2021-S2,JIWA/KM2,2021
263,263,35,JAWA TIMUR,3576,KOTA MOJOKERTO,8510.321797207,2021-S2,JIWA/KM2,2021
264,264,35,JAWA TIMUR,3577,KOTA MADIUN,5939.0330188679,2021-S2,JIWA/KM2,2021
265,265,35,JAWA TIMUR,3578,KOTA SURABAYA,8475.3580190563,2021-S2,JIWA/KM2,2021
266,266,35,JAWA TIMUR,3579,KOTA BATU,1575.2084247477,2021-S2,JIWA/KM2,2021
343,343,35,JAWA TIMUR,3501,KABUPATEN PACITAN,417.96,2022-S2,JIWA/KM2,2022
344,344,35,JAWA TIMUR,3502,KABUPATEN PONOROGO,684.11,2022-S2,JIWA/KM2,2022
345,345,35,JAWA TIMUR,3503,KABUPATEN TRENGGALEK,601.23,2022-S2,JIWA/KM2,2022
346,346,35,JAWA TIMUR,3504,KABUPATEN TULUNGAGUNG,985.63,2022-S2,JIWA/KM2,2022
347,347,35,JAWA TIMUR,3572,KOTA BLITAR,706.62,2022-S2,JIWA/KM2,2022
348,348,35,JAWA TIMUR,3571,KOTA KEDIRI,1099.36,2022-S2,JIWA/KM2,2022
349,349,35,JAWA TIMUR,3573,KOTA MALANG,774.0,2022-S2,JIWA/KM2,2022
350,350,35,JAWA TIMUR,3508,KABUPATEN LUMAJANG,610.71,2022-S2,JIWA/KM2,2022
351,351,35,JAWA TIMUR,3509,KABUPATEN JEMBER,780.24,2022-S2,JIWA/KM2,2022
352,352,35,JAWA TIMUR,3510,KABUPATEN BANYUWANGI,490.44,2022-S2,JIWA/KM2,2022
353,353,35,JAWA TIMUR,3511,KABUPATEN BONDOWOSO,516.31,2022-S2,JIWA/KM2,2022
354,354,35,JAWA TIMUR,3512,KABUPATEN SITUBONDO,407.06,2022-S2,JIWA/KM2,2022
355,355,35,JAWA TIMUR,3574,KOTA PROBOLINGGO,677.01,2022-S2,JIWA/KM2,2022
356,356,35,JAWA TIMUR,3575,KOTA PASURUAN,1083.48,2022-S2,JIWA/KM2,2022
357,357,35,JAWA TIMUR,3515,KABUPATEN SIDOARJO,2718.45,2022-S2,JIWA/KM2,2022
358,358,35,JAWA TIMUR,3576,KOTA MOJOKERTO,1152.62,2022-S2,JIWA/KM2,2022
359,359,35,JAWA TIMUR,3517,KABUPATEN JOMBANG,1224.8,2022-S2,JIWA/KM2,2022
360,360,35,JAWA TIMUR,3518,KABUPATEN NGANJUK,880.54,2022-S2,JIWA/KM2,2022
361,361,35,JAWA TIMUR,3577,KOTA MADIUN,678.62,2022-S2,JIWA/KM2,2022
362,362,35,JAWA TIMUR,3520,KABUPATEN MAGETAN,977.08,2022-S2,JIWA/KM2,2022
363,363,35,JAWA TIMUR,3521,KABUPATEN NGAWI,643.6,2022-S2,JIWA/KM2,2022
364,364,35,JAWA TIMUR,3522,KABUPATEN BOJONEGORO,583.79,2022-S2,JIWA/KM2,2022
365,365,35,JAWA TIMUR,3523,KABUPATEN TUBAN,630.86,2022-S2,JIWA/KM2,2022
366,366,35,JAWA TIMUR,3524,KABUPATEN LAMONGAN,788.33,2022-S2,JIWA/KM2,2022
367,367,35,JAWA TIMUR,3525,KABUPATEN GRESIK,1030.59,2022-S2,JIWA/KM2,2022
368,368,35,JAWA TIMUR,3526,KABUPATEN BANGKALAN,798.82,2022-S2,JIWA/KM2,2022
369,369,35,JAWA TIMUR,3527,KABUPATEN SAMPANG,792.15,2022-S2,JIWA/KM2,2022
370,370,35,JAWA TIMUR,3528,KABUPATEN PAMEKASAN,1093.77,2022-S2,JIWA/KM2,2022
371,371,35,JAWA TIMUR,3529,KABUPATEN SUMENEP,545.05,2022-S2,JIWA/KM2,2022
372,372,35,JAWA TIMUR,3571,KOTA KEDIRI,4383.34,2022-S2,JIWA/KM2,2022
373,373,35,JAWA TIMUR,3572,KOTA BLITAR,4775.84,2022-S2,JIWA/KM2,2022
374,374,35,JAWA TIMUR,3573,KOTA MALANG,7842.3,2022-S2,JIWA/KM2,2022
375,375,35,JAWA TIMUR,3574,KOTA PROBOLINGGO,4445.65,2022-S2,JIWA/KM2,2022
376,376,35,JAWA TIMUR,3575,KOTA PASURUAN,5419.79,2022-S2,JIWA/KM2,2022
377,377,35,JAWA TIMUR,3576,KOTA MOJOKERTO,6959.94,2022-S2,JIWA/KM2,2022
378,378,35,JAWA TIMUR,3577,KOTA MADIUN,5584.28,2022-S2,JIWA/KM2,2022
379,379,35,JAWA TIMUR,3578,KOTA SURABAYA,8911.55,2022-S2,JIWA/KM2,2022
380,380,35,JAWA TIMUR,3579,KOTA BATU,1122.06,2022-S2,JIWA/KM2,2022
419,419,35,JAWA TIMUR,3501,KABUPATEN PACITAN,417.0,2023-S2,JIWA/KM2,2023
420,420,35,JAWA TIMUR,3502,KABUPATEN PONOROGO,688.0,2023-S2,JIWA/KM2,2023
421,421,35,JAWA TIMUR,3503,KABUPATEN TRENGGALEK,605.0,2023-S2,JIWA/KM2,2023
422,422,35,JAWA TIMUR,3504,KABUPATEN TULUNGAGUNG,991.0,2023-S2,JIWA/KM2,2023
423,423,35,JAWA TIMUR,3572,KOTA BLITAR,718.0,2023-S2,JIWA/KM2,2023
424,424,35,JAWA TIMUR,3571,KOTA KEDIRI,1106.0,2023-S2,JIWA/KM2,2023
425,425,35,JAWA TIMUR,3573,KOTA MALANG,781.0,2023-S2,JIWA/KM2,2023
426,426,35,JAWA TIMUR,3508,KABUPATEN LUMAJANG,617.0,2023-S2,JIWA/KM2,2023
427,427,35,JAWA TIMUR,3509,KABUPATEN JEMBER,785.0,2023-S2,JIWA/KM2,2023
428,428,35,JAWA TIMUR,3510,KABUPATEN BANYUWANGI,495.0,2023-S2,JIWA/KM2,2023
429,429,35,JAWA TIMUR,3511,KABUPATEN BONDOWOSO,512.0,2023-S2,JIWA/KM2,2023
430,430,35,JAWA TIMUR,3512,KABUPATEN SITUBONDO,414.0,2023-S2,JIWA/KM2,2023
431,431,35,JAWA TIMUR,3574,KOTA PROBOLINGGO,684.0,2023-S2,JIWA/KM2,2023
432,432,35,JAWA TIMUR,3575,KOTA PASURUAN,1094.0,2023-S2,JIWA/KM2,2023
433,433,35,JAWA TIMUR,3515,KABUPATEN SIDOARJO,2758.0,2023-S2,JIWA/KM2,2023
434,434,35,JAWA TIMUR,3576,KOTA MOJOKERTO,1165.0,2023-S2,JIWA/KM2,2023
435,435,35,JAWA TIMUR,3517,KABUPATEN JOMBANG,1235.0,2023-S2,JIWA/KM2,2023
436,436,35,JAWA TIMUR,3518,KABUPATEN NGANJUK,888.0,2023-S2,JIWA/KM2,2023
437,437,35,JAWA TIMUR,3577,KOTA MADIUN,671.0,2023-S2,JIWA/KM2,2023
438,438,35,JAWA TIMUR,3520,KABUPATEN MAGETAN,980.0,2023-S2,JIWA/KM2,2023
439,439,35,JAWA TIMUR,3521,KABUPATEN NGAWI,648.0,2023-S2,JIWA/KM2,2023
440,440,35,JAWA TIMUR,3522,KABUPATEN BOJONEGORO,589.0,2023-S2,JIWA/KM2,2023
441,441,35,JAWA TIMUR,3523,KABUPATEN TUBAN,638.0,2023-S2,JIWA/KM2,2023
442,442,35,JAWA TIMUR,3524,KABUPATEN LAMONGAN,791.0,2023-S2,JIWA/KM2,2023
443,443,35,JAWA TIMUR,3525,KABUPATEN GRESIK,1038.0,2023-S2,JIWA/KM2,2023
444,444,35,JAWA TIMUR,3526,KABUPATEN BANGKALAN,805.0,2023-S2,JIWA/KM2,2023
445,445,35,JAWA TIMUR,3527,KABUPATEN SAMPANG,805.0,2023-S2,JIWA/KM2,2023
446,446,35,JAWA TIMUR,3528,KABUPATEN PAMEKASAN,1110.0,2023-S2,JIWA/KM2,2023
447,447,35,JAWA TIMUR,3529,KABUPATEN SUMENEP,548.0,2023-S2,JIWA/KM2,2023
448,448,35,JAWA TIMUR,3571,KOTA KEDIRI,4445.0,2023-S2,JIWA/KM2,2023
449,449,35,JAWA TIMUR,3572,KOTA BLITAR,4812.0,2023-S2,JIWA/KM2,2023
450,450,35,JAWA TIMUR,3573,KOTA MALANG,7930.0,2023-S2,JIWA/KM2,2023
451,451,35,JAWA TIMUR,3574,KOTA PROBOLINGGO,4473.0,2023-S2,JIWA/KM2,2023
452,452,35,JAWA TIMUR,3575,KOTA PASURUAN,5448.0,2023-S2,JIWA/KM2,2023
453,453,35,JAWA TIMUR,3576,KOTA MOJOKERTO,7013.0,2023-S2,JIWA/KM2,2023
454,454,35,JAWA TIMUR,3577,KOTA MADIUN,5607.0,2023-S2,JIWA/KM2,2023
455,455,35,JAWA TIMUR,3578,KOTA SURABAYA,8958.0,2023-S2,JIWA/KM2,2023
456,456,35,JAWA TIMUR,3579,KOTA BATU,1142.0,2023-S2,JIWA/KM2,2023
495,495,35,JAWA TIMUR,3501,KABUPATEN PACITAN,414.39,2024-S2,JIWA/KM2,2024
496,496,35,JAWA TIMUR,3579,KOTA BATU,1151.57,2024-S2,JIWA/KM2,2024
497,497,35,JAWA TIMUR,3578,KOTA SURABAYA,8982.17,2024-S2,JIWA/KM2,2024
498,498,35,JAWA TIMUR,3577,KOTA MADIUN,5586.88,2024-S2,JIWA/KM2,2024
499,499,35,JAWA TIMUR,3576,KOTA MOJOKERTO,7004.6,2024-S2,JIWA/KM2,2024
500,500,35,JAWA TIMUR,3575,KOTA PASURUAN,5466.62,2024-S2,JIWA/KM2,2024
501,501,35,JAWA TIMUR,3574,KOTA PROBOLINGGO,4445.03,2024-S2,JIWA/KM2,2024
502,502,35,JAWA TIMUR,3573,KOTA MALANG,7969.67,2024-S2,JIWA/KM2,2024
503,503,35,JAWA TIMUR,3572,KOTA BLITAR,4835.51,2024-S2,JIWA/KM2,2024
504,504,35,JAWA TIMUR,3571,KOTA KEDIRI,4469.08,2024-S2,JIWA/KM2,2024
505,505,35,JAWA TIMUR,3529,KABUPATEN SUMENEP,547.48,2024-S2,JIWA/KM2,2024
506,506,35,JAWA TIMUR,3528,KABUPATEN PAMEKASAN,1119.03,2024-S2,JIWA/KM2,2024
507,507,35,JAWA TIMUR,3527,KABUPATEN SAMPANG,820.09,2024-S2,JIWA/KM2,2024
508,508,35,JAWA TIMUR,3526,KABUPATEN BANGKALAN,787.52,2024-S2,JIWA/KM2,2024
509,509,35,JAWA TIMUR,3525,KABUPATEN GRESIK,1042.03,2024-S2,JIWA/KM2,2024
510,510,35,JAWA TIMUR,3524,KABUPATEN LAMONGAN,779.03,2024-S2,JIWA/KM2,2024
511,511,35,JAWA TIMUR,3523,KABUPATEN TUBAN,639.32,2024-S2,JIWA/KM2,2024
512,512,35,JAWA TIMUR,3522,KABUPATEN BOJONEGORO,590.28,2024-S2,JIWA/KM2,2024
513,513,35,JAWA TIMUR,3521,KABUPATEN NGAWI,648.85,2024-S2,JIWA/KM2,2024
514,514,35,JAWA TIMUR,3520,KABUPATEN MAGETAN,979.98,2024-S2,JIWA/KM2,2024
515,515,35,JAWA TIMUR,3577,KOTA MADIUN,663.8,2024-S2,JIWA/KM2,2024
516,516,35,JAWA TIMUR,3518,KABUPATEN NGANJUK,891.04,2024-S2,JIWA/KM2,2024
517,517,35,JAWA TIMUR,3517,KABUPATEN JOMBANG,1238.54,2024-S2,JIWA/KM2,2024
518,518,35,JAWA TIMUR,3576,KOTA MOJOKERTO,1170.9,2024-S2,JIWA/KM2,2024
519,519,35,JAWA TIMUR,3515,KABUPATEN SIDOARJO,2766.19,2024-S2,JIWA/KM2,2024
520,520,35,JAWA TIMUR,3575,KOTA PASURUAN,1098.74,2024-S2,JIWA/KM2,2024
521,521,35,JAWA TIMUR,3574,KOTA PROBOLINGGO,690.31,2024-S2,JIWA/KM2,2024
522,522,35,JAWA TIMUR,3512,KABUPATEN SITUBONDO,416.35,2024-S2,JIWA/KM2,2024
523,523,35,JAWA TIMUR,3511,KABUPATEN BONDOWOSO,504.54,2024-S2,JIWA/KM2,2024
524,524,35,JAWA TIMUR,3510,KABUPATEN BANYUWANGI,496.9,2024-S2,JIWA/KM2,2024
525,525,35,JAWA TIMUR,3509,KABUPATEN JEMBER,786.47,2024-S2,JIWA/KM2,2024
526,526,35,JAWA TIMUR,3508,KABUPATEN LUMAJANG,619.32,2024-S2,JIWA/KM2,2024
527,527,35,JAWA TIMUR,3573,KOTA MALANG,785.21,2024-S2,JIWA/KM2,2024
528,528,35,JAWA TIMUR,3571,KOTA KEDIRI,1108.24,2024-S2,JIWA/KM2,2024
529,529,35,JAWA TIMUR,3572,KOTA BLITAR,720.68,2024-S2,JIWA/KM2,2024
530,530,35,JAWA TIMUR,3504,KABUPATEN TULUNGAGUNG,993.05,2024-S2,JIWA/KM2,2024
531,531,35,JAWA TIMUR,3503,KABUPATEN TRENGGALEK,606.33,2024-S2,JIWA/KM2,2024
532,532,35,JAWA TIMUR,3502,KABUPATEN PONOROGO,689.21,2024-S2,JIWA/KM2,2024
571,571,35,JAWA TIMUR,3501,KABUPATEN PACITAN,0.0,2025-S2,JIWA/KM2,2025
572,572,35,JAWA TIMUR,3502,KABUPATEN PONOROGO,0.0,2025-S2,JIWA/KM2,2025
573,573,35,JAWA TIMUR,3503,KABUPATEN TRENGGALEK,0.0,2025-S2,JIWA/KM2,2025
574,574,35,JAWA TIMUR,3504,KABUPATEN TULUNGAGUNG,0.0,2025-S2,JIWA/KM2,2025
575,575,35,JAWA TIMUR,3572,KOTA BLITAR,0.0,2025-S2,JIWA/KM2,2025
576,576,35,JAWA TIMUR,3571,KOTA KEDIRI,0.0,2025-S2,JIWA/KM2,2025
577,577,35,JAWA TIMUR,3573,KOTA MALANG,0.0,2025-S2,JIWA/KM2,2025
578,578,35,JAWA TIMUR,3508,KABUPATEN LUMAJANG,0.0,2025-S2,JIWA/KM2,2025
579,579,35,JAWA TIMUR,3509,KABUPATEN JEMBER,0.0,2025-S2,JIWA/KM2,2025
580,580,35,JAWA TIMUR,3510,KABUPATEN BANYUWANGI,0.0,2025-S2,JIWA/KM2,2025
581,581,35,JAWA TIMUR,3511,KABUPATEN BONDOWOSO,0.0,2025-S2,JIWA/KM2,2025
582,582,35,JAWA TIMUR,3512,KABUPATEN SITUBONDO,0.0,2025-S2,JIWA/KM2,2025
583,583,35,JAWA TIMUR,3574,KOTA PROBOLINGGO,0.0,2025-S2,JIWA/KM2,2025
584,584,35,JAWA TIMUR,3575,KOTA PASURUAN,0.0,2025-S2,JIWA/KM2,2025
585,585,35,JAWA TIMUR,3515,KABUPATEN SIDOARJO,0.0,2025-S2,JIWA/KM2,2025
586,586,35,JAWA TIMUR,3576,KOTA MOJOKERTO,0.0,2025-S2,JIWA/KM2,2025
587,587,35,JAWA TIMUR,3517,KABUPATEN JOMBANG,0.0,2025-S2,JIWA/KM2,2025
588,588,35,JAWA TIMUR,3518,KABUPATEN NGANJUK,0.0,2025-S2,JIWA/KM2,2025
589,589,35,JAWA TIMUR,3577,KOTA MADIUN,0.0,2025-S2,JIWA/KM2,2025
590,590,35,JAWA TIMUR,3520,KABUPATEN MAGETAN,0.0,2025-S2,JIWA/KM2,2025
591,591,35,JAWA TIMUR,3521,KABUPATEN NGAWI,0.0,2025-S2,JIWA/KM2,2025
592,592,35,JAWA TIMUR,3522,KABUPATEN BOJONEGORO,0.0,2025-S2,JIWA/KM2,2025
593,593,35,JAWA TIMUR,3523,KABUPATEN TUBAN,0.0,2025-S2,JIWA/KM2,2025
594,594,35,JAWA TIMUR,3524,KABUPATEN LAMONGAN,0.0,2025-S2,JIWA/KM2,2025
595,595,35,JAWA TIMUR,3525,KABUPATEN GRESIK,0.0,2025-S2,JIWA/KM2,2025
596,596,35,JAWA TIMUR,3526,KABUPATEN BANGKALAN,0.0,2025-S2,JIWA/KM2,2025
597,597,35,JAWA TIMUR,3527,KABUPATEN SAMPANG,0.0,2025-S2,JIWA/KM2,2025
598,598,35,JAWA TIMUR,3528,KABUPATEN PAMEKASAN,0.0,2025-S2,JIWA/KM2,2025
599,599,35,JAWA TIMUR,3529,KABUPATEN SUMENEP,0.0,2025-S2,JIWA/KM2,2025
600,600,35,JAWA TIMUR,3571,KOTA KEDIRI,0.0,2025-S2,JIWA/KM2,2025
601,601,35,JAWA TIMUR,3572,KOTA BLITAR,0.0,2025-S2,JIWA/KM2,2025
602,602,35,JAWA TIMUR,3573,KOTA MALANG,0.0,2025-S2,JIWA/KM2,2025
603,603,35,JAWA TIMUR,3574,KOTA PROBOLINGGO,0.0,2025-S2,JIWA/KM2,2025
604,604,35,JAWA TIMUR,3575,KOTA PASURUAN,0.0,2025-S2,JIWA/KM2,2025
605,605,35,JAWA TIMUR,3576,KOTA MOJOKERTO,0.0,2025-S2,JIWA/KM2,2025
606,606,35,JAWA TIMUR,3577,KOTA MADIUN,0.0,2025-S2,JIWA/KM2,2025
607,607,35,JAWA TIMUR,3578,KOTA SURABAYA,0.0,2025-S2,JIWA/KM2,2025
608,608,35,JAWA TIMUR,3579,KOTA BATU,0.0,2025-S2,JIWA/KM2,2025
