Kabupaten_Kota,TPT,Tahun
Kabupaten Pacitan,0.85,2017
Kabupaten Ponorogo,3.76,2017
Kabupaten Trenggalek,3.48,2017
Kabupaten Tulungagung,2.27,2017
Kabupaten Blitar,2.99,2017
Kabupaten Kediri,3.18,2017
Kabupaten Malang,4.6,2017
Kabupaten Lumajang,2.91,2017
Kabupaten Jember,5.16,2017
Kabupaten Banyuwangi,3.07,2017
Kabupaten Bondowoso,2.09,2017
Kabupaten Situbondo,1.49,2017
Kabupaten Probolinggo,2.89,2017
Kabupaten Pasuruan,4.97,2017
Kabupaten Sidoarjo,4.97,2017
Kabupaten Mojokerto,5.0,2017
Kabupaten Jombang,5.14,2017
Kabupaten Nganjuk,3.23,2017
Kabupaten Madiun,3.19,2017
Kabupaten Magetan,3.8,2017
Kabupaten Ngawi,5.76,2017
Kabupaten Bojonegoro,3.64,2017
Kabupaten Tuban,3.39,2017
Kabupaten Lamongan,4.12,2017
Kabupaten Gresik,4.54,2017
Kabupaten Bangkalan,4.48,2017
Kabupaten Sampang,2.48,2017
Kabupaten Pamekasan,3.91,2017
Kabupaten Sumenep,1.83,2017
Kota Kediri,4.68,2017
Kota Blitar,3.76,2017
Kota Malang,7.22,2017
Kota Probolinggo,3.42,2017
Kota Pasuruan,4.64,2017
Kota Mojokerto,3.61,2017
Kota Madiun,4.26,2017
Kota Surabaya,5.98,2017
Kota Batu,2.26,2017
Jawa Timur,4.0,2017
Kabupaten Pacitan,1.39,2018
Kabupaten Ponorogo,3.77,2018
Kabupaten Trenggalek,4.12,2018
Kabupaten Tulungagung,2.53,2018
Kabupaten Blitar,3.38,2018
Kabupaten Kediri,4.15,2018
Kabupaten Malang,3.15,2018
Kabupaten Lumajang,2.46,2018
Kabupaten Jember,4.01,2018
Kabupaten Banyuwangi,3.59,2018
Kabupaten Bondowoso,3.84,2018
Kabupaten Situbondo,1.85,2018
Kabupaten Probolinggo,4.0,2018
Kabupaten Pasuruan,5.94,2018
Kabupaten Sidoarjo,4.62,2018
Kabupaten Mojokerto,4.21,2018
Kabupaten Jombang,4.56,2018
Kabupaten Nganjuk,2.6,2018
Kabupaten Madiun,3.71,2018
Kabupaten Magetan,3.82,2018
Kabupaten Ngawi,3.75,2018
Kabupaten Bojonegoro,4.11,2018
Kabupaten Tuban,2.76,2018
Kabupaten Lamongan,3.1,2018
Kabupaten Gresik,5.71,2018
Kabupaten Bangkalan,5.09,2018
Kabupaten Sampang,2.38,2018
Kabupaten Pamekasan,2.88,2018
Kabupaten Sumenep,1.75,2018
Kota Kediri,3.56,2018
Kota Blitar,3.98,2018
Kota Malang,6.65,2018
Kota Probolinggo,3.56,2018
Kota Pasuruan,4.5,2018
Kota Mojokerto,2.44,2018
Kota Madiun,3.8,2018
Kota Surabaya,6.01,2018
Kota Batu,3.07,2018
Jawa Timur,3.91,2018
Kabupaten Pacitan,0.91,2019
Kabupaten Ponorogo,3.5,2019
Kabupaten Trenggalek,3.36,2019
Kabupaten Tulungagung,3.29,2019
Kabupaten Blitar,3.05,2019
Kabupaten Kediri,3.58,2019
Kabupaten Malang,3.7,2019
Kabupaten Lumajang,2.73,2019
Kabupaten Jember,3.69,2019
Kabupaten Banyuwangi,3.95,2019
Kabupaten Bondowoso,2.86,2019
Kabupaten Situbondo,2.77,2019
Kabupaten Probolinggo,3.77,2019
Kabupaten Pasuruan,5.22,2019
Kabupaten Sidoarjo,4.62,2019
Kabupaten Mojokerto,3.61,2019
Kabupaten Jombang,4.28,2019
Kabupaten Nganjuk,3.16,2019
Kabupaten Madiun,3.52,2019
Kabupaten Magetan,2.98,2019
Kabupaten Ngawi,3.6,2019
Kabupaten Bojonegoro,3.56,2019
Kabupaten Tuban,2.7,2019
Kabupaten Lamongan,3.89,2019
Kabupaten Gresik,5.4,2019
Kabupaten Bangkalan,5.62,2019
Kabupaten Sampang,2.71,2019
Kabupaten Pamekasan,2.26,2019
Kabupaten Sumenep,2.08,2019
Kota Kediri,4.15,2019
Kota Blitar,4.54,2019
Kota Malang,5.88,2019
Kota Probolinggo,4.25,2019
Kota Pasuruan,4.89,2019
Kota Mojokerto,2.63,2019
Kota Madiun,3.96,2019
Kota Surabaya,5.76,2019
Kota Batu,2.42,2019
Jawa Timur,3.82,2019
Kabupaten Pacitan,2.28,2020
Kabupaten Ponorogo,4.45,2020
Kabupaten Trenggalek,4.11,2020
Kabupaten Tulungagung,4.61,2020
Kabupaten Blitar,3.82,2020
Kabupaten Kediri,5.24,2020
Kabupaten Malang,5.49,2020
Kabupaten Lumajang,3.36,2020
Kabupaten Jember,5.12,2020
Kabupaten Banyuwangi,5.34,2020
Kabupaten Bondowoso,4.13,2020
Kabupaten Situbondo,3.85,2020
Kabupaten Probolinggo,4.86,2020
Kabupaten Pasuruan,6.24,2020
Kabupaten Sidoarjo,10.97,2020
Kabupaten Mojokerto,5.75,2020
Kabupaten Jombang,7.48,2020
Kabupaten Nganjuk,4.8,2020
Kabupaten Madiun,4.8,2020
Kabupaten Magetan,3.74,2020
Kabupaten Ngawi,5.44,2020
Kabupaten Bojonegoro,4.92,2020
Kabupaten Tuban,4.81,2020
Kabupaten Lamongan,5.13,2020
Kabupaten Gresik,8.21,2020
Kabupaten Bangkalan,8.77,2020
Kabupaten Sampang,3.35,2020
Kabupaten Pamekasan,3.49,2020
Kabupaten Sumenep,2.84,2020
Kota Kediri,6.21,2020
Kota Blitar,6.68,2020
Kota Malang,9.61,2020
Kota Probolinggo,6.7,2020
Kota Pasuruan,6.33,2020
Kota Mojokerto,6.74,2020
Kota Madiun,8.32,2020
Kota Surabaya,9.79,2020
Kota Batu,5.93,2020
Jawa Timur,5.84,2020
Kabupaten Pacitan,2.04,2021
Kabupaten Ponorogo,4.38,2021
Kabupaten Trenggalek,3.53,2021
Kabupaten Tulungagung,4.91,2021
Kabupaten Blitar,3.66,2021
Kabupaten Kediri,5.15,2021
Kabupaten Malang,5.4,2021
Kabupaten Lumajang,3.51,2021
Kabupaten Jember,5.44,2021
Kabupaten Banyuwangi,5.42,2021
Kabupaten Bondowoso,4.46,2021
Kabupaten Situbondo,3.68,2021
Kabupaten Probolinggo,4.55,2021
Kabupaten Pasuruan,6.03,2021
Kabupaten Sidoarjo,10.87,2021
Kabupaten Mojokerto,5.54,2021
Kabupaten Jombang,7.09,2021
Kabupaten Nganjuk,4.98,2021
Kabupaten Madiun,4.99,2021
Kabupaten Magetan,3.86,2021
Kabupaten Ngawi,4.25,2021
Kabupaten Bojonegoro,4.82,2021
Kabupaten Tuban,4.68,2021
Kabupaten Lamongan,4.9,2021
Kabupaten Gresik,8.0,2021
Kabupaten Bangkalan,8.07,2021
Kabupaten Sampang,3.45,2021
Kabupaten Pamekasan,3.1,2021
Kabupaten Sumenep,2.31,2021
Kota Kediri,6.37,2021
Kota Blitar,6.61,2021
Kota Malang,9.65,2021
Kota Probolinggo,6.55,2021
Kota Pasuruan,6.23,2021
Kota Mojokerto,6.87,2021
Kota Madiun,8.15,2021
Kota Surabaya,9.68,2021
Kota Batu,6.57,2021
Jawa Timur,5.74,2021
Kabupaten Pacitan,3.65,2022
Kabupaten Ponorogo,5.51,2022
Kabupaten Trenggalek,5.37,2022
Kabupaten Tulungagung,6.65,2022
Kabupaten Blitar,5.45,2022
Kabupaten Kediri,6.83,2022
Kabupaten Malang,6.57,2022
Kabupaten Lumajang,4.97,2022
Kabupaten Jember,4.06,2022
Kabupaten Banyuwangi,5.26,2022
Kabupaten Bondowoso,4.32,2022
Kabupaten Situbondo,3.38,2022
Kabupaten Probolinggo,3.25,2022
Kabupaten Pasuruan,5.91,2022
Kabupaten Sidoarjo,8.8,2022
Kabupaten Mojokerto,4.83,2022
Kabupaten Jombang,5.47,2022
Kabupaten Nganjuk,4.74,2022
Kabupaten Madiun,5.84,2022
Kabupaten Magetan,4.33,2022
Kabupaten Ngawi,2.48,2022
Kabupaten Bojonegoro,4.69,2022
Kabupaten Tuban,4.54,2022
Kabupaten Lamongan,6.05,2022
Kabupaten Gresik,7.84,2022
Kabupaten Bangkalan,8.05,2022
Kabupaten Sampang,3.11,2022
Kabupaten Pamekasan,1.4,2022
Kabupaten Sumenep,1.36,2022
Kota Kediri,4.38,2022
Kota Blitar,5.39,2022
Kota Malang,7.66,2022
Kota Probolinggo,4.57,2022
Kota Pasuruan,6.18,2022
Kota Mojokerto,5.05,2022
Kota Madiun,6.39,2022
Kota Surabaya,7.62,2022
Kota Batu,8.43,2022
Jawa Timur,5.49,2022
Kabupaten Pacitan,1.83,2023
Kabupaten Ponorogo,4.66,2023
Kabupaten Trenggalek,4.52,2023
Kabupaten Tulungagung,5.65,2023
Kabupaten Blitar,4.91,2023
Kabupaten Kediri,5.79,2023
Kabupaten Malang,5.7,2023
Kabupaten Lumajang,3.67,2023
Kabupaten Jember,4.01,2023
Kabupaten Banyuwangi,4.75,2023
Kabupaten Bondowoso,4.15,2023
Kabupaten Situbondo,3.27,2023
Kabupaten Probolinggo,3.24,2023
Kabupaten Pasuruan,5.48,2023
Kabupaten Sidoarjo,8.05,2023
Kabupaten Mojokerto,4.67,2023
Kabupaten Jombang,4.66,2023
Kabupaten Nganjuk,4.68,2023
Kabupaten Madiun,5.14,2023
Kabupaten Magetan,4.16,2023
Kabupaten Ngawi,2.41,2023
Kabupaten Bojonegoro,4.63,2023
Kabupaten Tuban,4.4,2023
Kabupaten Lamongan,5.46,2023
Kabupaten Gresik,6.82,2023
Kabupaten Bangkalan,6.18,2023
Kabupaten Sampang,2.72,2023
Kabupaten Pamekasan,1.74,2023
Kabupaten Sumenep,1.71,2023
Kota Kediri,4.06,2023
Kota Blitar,5.24,2023
Kota Malang,6.8,2023
Kota Probolinggo,4.53,2023
Kota Pasuruan,5.64,2023
Kota Mojokerto,4.73,2023
Kota Madiun,5.85,2023
Kota Surabaya,6.76,2023
Kota Batu,4.52,2023
Jawa Timur,4.88,2023
Kabupaten Pacitan,1.56,2024
Kabupaten Ponorogo,4.19,2024
Kabupaten Trenggalek,3.9,2024
Kabupaten Tulungagung,4.12,2024
Kabupaten Blitar,4.77,2024
Kabupaten Kediri,5.1,2024
Kabupaten Malang,5.13,2024
Kabupaten Lumajang,3.28,2024
Kabupaten Jember,3.23,2024
Kabupaten Banyuwangi,4.03,2024
Kabupaten Bondowoso,3.63,2024
Kabupaten Situbondo,3.15,2024
Kabupaten Probolinggo,3.0,2024
Kabupaten Pasuruan,5.02,2024
Kabupaten Sidoarjo,6.49,2024
Kabupaten Mojokerto,3.87,2024
Kabupaten Jombang,3.75,2024
Kabupaten Nganjuk,3.87,2024
Kabupaten Madiun,4.34,2024
Kabupaten Magetan,3.28,2024
Kabupaten Ngawi,2.4,2024
Kabupaten Bojonegoro,4.42,2024
Kabupaten Tuban,4.28,2024
Kabupaten Lamongan,4.34,2024
Kabupaten Gresik,6.45,2024
Kabupaten Bangkalan,5.35,2024
Kabupaten Sampang,2.5,2024
Kabupaten Pamekasan,1.64,2024
Kabupaten Sumenep,1.69,2024
Kota Kediri,3.91,2024
Kota Blitar,5.11,2024
Kota Malang,6.1,2024
Kota Probolinggo,4.44,2024
Kota Pasuruan,4.63,2024
Kota Mojokerto,3.76,2024
Kota Madiun,4.3,2024
Kota Surabaya,4.91,2024
Kota Batu,3.63,2024
Jawa Timur,4.19,2024
Kabupaten Pacitan,1.4,2025
Kabupaten Ponorogo,3.85,2025
Kabupaten Trenggalek,3.86,2025
Kabupaten Tulungagung,4.03,2025
Kabupaten Blitar,4.49,2025
Kabupaten Kediri,4.71,2025
Kabupaten Malang,5.0,2025
Kabupaten Lumajang,3.08,2025
Kabupaten Jember,3.07,2025
Kabupaten Banyuwangi,3.94,2025
Kabupaten Bondowoso,2.55,2025
Kabupaten Situbondo,3.02,2025
Kabupaten Probolinggo,2.92,2025
Kabupaten Pasuruan,4.22,2025
Kabupaten Sidoarjo,5.75,2025
Kabupaten Mojokerto,3.49,2025
Kabupaten Jombang,3.28,2025
Kabupaten Nganjuk,3.84,2025
Kabupaten Madiun,3.22,2025
Kabupaten Magetan,3.26,2025
Kabupaten Ngawi,2.26,2025
Kabupaten Bojonegoro,3.9,2025
Kabupaten Tuban,3.44,2025
Kabupaten Lamongan,4.29,2025
Kabupaten Gresik,5.47,2025
Kabupaten Bangkalan,5.31,2025
Kabupaten Sampang,2.44,2025
Kabupaten Pamekasan,1.33,2025
Kabupaten Sumenep,1.64,2025
Kota Kediri,3.76,2025
Kota Blitar,4.28,2025
Kota Malang,5.69,2025
Kota Probolinggo,4.93,2025
Kota Pasuruan,4.59,2025
Kota Mojokerto,4.66,2025
Kota Madiun,4.29,2025
Kota Surabaya,4.84,2025
Kota Batu,3.53,2025
Jawa Timur,3.88,2025
